2025-08-27-20-01-03|ARTICLE_WRITER|EVALUATOR|gpt-4o-mini|0|The Art of Sourdough: From Starter to Perfect Loaf|no|6|5|0.93
2025-08-27-20-01-04|ARTICLE_WRITER|EVALUATOR|gpt-4o-mini|0|Building Your First AI Agent: A Step-by-Step Guide|yes|6|5|0.76
2025-08-27-20-01-21|ARTICLE_WRITER|EVALUATOR|gpt-4o-mini|0|Minimalist Living: How Less Can Mean More|no|6|5|0.78
2025-08-27-20-01-22|ARTICLE_WRITER|EVALUATOR|gpt-4o-mini|0|Why AI Agents Will Replace Traditional Software|yes|6|5|0.59
2025-08-27-20-01-41|ARTICLE_WRITER|EVALUATOR|gpt-4o-mini|0|Urban Gardening in Small Spaces: Maximizing Your Harvest|no|6|5|0.66
2025-08-27-20-01-42|ARTICLE_WRITER|EVALUATOR|gpt-4o-mini|0|The Ethics of Autonomous AI Decision-Making|yes|6|5|0.65
2025-08-27-20-01-55|ARTICLE_WRITER|EVALUATOR|gpt-4o-mini|0|The Psychology of Color in Interior Design|no|6|5|0.73
2025-08-27-20-01-56|ARTICLE_WRITER|EVALUATOR|gpt-4o-mini|0|Multi-Agent Systems: When AI Agents Work Together|yes|6|5|0.87
2025-08-27-20-02-09|ARTICLE_WRITER|EVALUATOR|gpt-4o-mini|0|Mastering the Pour-Over: A Coffee Enthusiast's Guide|no|6|5|0.64
2025-08-27-20-02-11|ARTICLE_WRITER|EVALUATOR|gpt-4o-mini|0|From Chatbots to AI Agents: The Evolution of Conversational AI|yes|6|5|0.90
2025-08-27-20-02-23|ARTICLE_WRITER|EVALUATOR|gpt-4o-mini|0|Digital Detox: Reclaiming Your Time in a Connected World|no|6|5|0.80
2025-08-27-20-02-25|ARTICLE_WRITER|EVALUATOR|gpt-4o-mini|0|AI Agent Security: Protecting Against Prompt Injection Attacks|yes|6|5|0.82
2025-08-27-20-02-38|ARTICLE_WRITER|EVALUATOR|gpt-4o-mini|0|Sustainable Fashion: Building an Eco-Friendly Wardrobe|no|6|5|0.67
2025-08-27-20-02-39|ARTICLE_WRITER|EVALUATOR|gpt-4o-mini|0|The Future of Work: How AI Agents Will Transform Industries|yes|6|5|0.84
2025-08-27-20-02-53|ARTICLE_WRITER|EVALUATOR|gpt-4o-mini|0|The Science of Sleep: Optimizing Your Rest for Peak Performance|no|6|5|0.65
2025-08-27-20-02-54|ARTICLE_WRITER|EVALUATOR|gpt-4o-mini|0|Training AI Agents with Reinforcement Learning|yes|6|5|0.66
2025-08-27-20-03-09|ARTICLE_WRITER|EVALUATOR|gpt-4o-mini|0|Mediterranean Diet: Recipes for Longevity and Health|no|6|5|0.75
2025-08-27-20-03-11|ARTICLE_WRITER|EVALUATOR|gpt-4o-mini|0|AI Agent Memory Systems: Making Machines Remember|yes|6|5|1.12
2025-08-27-20-03-24|ARTICLE_WRITER|EVALUATOR|gpt-4o-mini|0|The Renaissance of Vinyl: Why Analog Audio Is Making a Comeback|no|6|5|1.29
2025-08-27-20-03-25|ARTICLE_WRITER|EVALUATOR|gpt-4o-mini|0|Swarm Intelligence: What Ant Colonies Teach Us About AI|yes|6|5|0.77
2025-08-27-20-03-40|ARTICLE_WRITER|EVALUATOR|gpt-4o-mini|0|Wild Mushroom Foraging: A Beginner's Safety Guide|no|6|5|0.75
2025-08-27-20-03-41|ARTICLE_WRITER|EVALUATOR|gpt-4o-mini|0|Building Trustworthy AI Agents for Healthcare|yes|6|5|0.79
2025-08-27-20-03-55|ARTICLE_WRITER|EVALUATOR|gpt-4o-mini|0|Street Photography: Capturing Life's Unguarded Moments|no|6|5|0.78
2025-08-27-20-03-56|ARTICLE_WRITER|EVALUATOR|gpt-4o-mini|0|The Economics of AI Agents: Cost vs. Human Labor|yes|6|5|0.76
2025-08-27-20-04-12|ARTICLE_WRITER|EVALUATOR|gpt-4o-mini|0|The Lost Art of Letter Writing in the Digital Age|no|6|5|0.68
2025-08-27-20-04-14|ARTICLE_WRITER|EVALUATOR|gpt-4o-mini|0|AI Agents in Gaming: Creating Intelligent NPCs|yes|6|5|1.11
2025-08-27-20-04-33|ARTICLE_WRITER|EVALUATOR|gpt-4o-mini|0|Beekeeping for Beginners: Your First Hive Setup|no|6|5|0.68
2025-08-27-20-04-34|ARTICLE_WRITER|EVALUATOR|gpt-4o-mini|0|Debugging AI Agent Behavior: Tools and Techniques|yes|6|5|0.68
2025-08-27-20-04-47|ARTICLE_WRITER|EVALUATOR|gpt-4o-mini|0|The Philosophy of Slow Travel: Depth Over Distance|no|6|5|0.74
2025-08-27-20-04-48|ARTICLE_WRITER|EVALUATOR|gpt-4o-mini|0|AI Agent Orchestration: Managing Complex Workflows|yes|6|5|0.77
2025-08-27-20-05-02|ARTICLE_WRITER|EVALUATOR|gpt-4o-mini|0|Woodworking Fundamentals: Your First Project Guide|no|6|5|0.92
2025-08-27-20-05-03|ARTICLE_WRITER|EVALUATOR|gpt-4o-mini|0|Natural Language Processing for AI Agent Communication|yes|6|5|0.74
2025-08-27-20-05-16|ARTICLE_WRITER|EVALUATOR|gpt-4o-mini|0|The Healing Power of Forest Bathing|no|6|5|0.79
2025-08-27-20-05-18|ARTICLE_WRITER|EVALUATOR|gpt-4o-mini|0|AI Agents and Privacy: Balancing Personalization with Protection|yes|6|5|0.68
2025-08-27-20-05-32|ARTICLE_WRITER|EVALUATOR|gpt-4o-mini|0|Fermentation Nation: Kombucha, Kimchi, and Beyond|no|6|5|1.47
2025-08-27-20-05-33|ARTICLE_WRITER|EVALUATOR|gpt-4o-mini|0|Building Explainable AI Agents for Critical Applications|yes|6|5|0.67
2025-08-27-20-05-50|ARTICLE_WRITER|EVALUATOR|gpt-4o-mini|0|The Art of Bonsai: Patience and Precision in Miniature|no|6|5|0.71
2025-08-27-20-05-51|ARTICLE_WRITER|EVALUATOR|gpt-4o-mini|0|AI Agent Testing: Ensuring Reliability in Production|yes|6|5|0.71
2025-08-27-20-06-05|ARTICLE_WRITER|EVALUATOR|gpt-4o-mini|0|Vintage Watch Collecting: A Timeless Hobby|no|6|5|0.80
2025-08-27-20-06-07|ARTICLE_WRITER|EVALUATOR|gpt-4o-mini|0|The Role of AI Agents in Scientific Discovery|yes|6|5|0.64
2025-08-27-20-06-22|ARTICLE_WRITER|EVALUATOR|gpt-4o-mini|0|The Unexpected Benefits of Cold Water Swimming|no|6|5|0.81
2025-08-27-20-06-24|ARTICLE_WRITER|EVALUATOR|gpt-4o-mini|0|Democratizing AI: Making Agent Development Accessible|yes|6|5|0.77
2025-08-27-20-06-39|ARTICLE_WRITER|EVALUATOR|gpt-4o-mini|0|Homebrewing 101: Crafting Your Perfect Beer|no|6|5|0.79
2025-08-27-20-06-41|ARTICLE_WRITER|EVALUATOR|gpt-4o-mini|0|AI Agents and Creativity: Can Machines Be Truly Original?|yes|6|5|0.64
2025-08-27-20-06-56|ARTICLE_WRITER|EVALUATOR|gpt-4o-mini|0|The Joy of Bird Watching: Connecting with Nature|no|6|5|0.72
2025-08-27-20-06-57|ARTICLE_WRITER|EVALUATOR|gpt-4o-mini|0|Scaling AI Agent Deployments: Lessons from the Trenches|yes|6|5|0.78
2025-08-27-20-07-12|ARTICLE_WRITER|EVALUATOR|gpt-4o-mini|0|Calligraphy Revival: The Meditative Art of Beautiful Writing|no|6|5|0.69
2025-08-27-20-07-13|ARTICLE_WRITER|EVALUATOR|gpt-4o-mini|0|AI Agent Bias: Detection and Mitigation Strategies|yes|6|5|0.71
2025-08-27-20-07-29|ARTICLE_WRITER|EVALUATOR|gpt-4o-mini|0|Edible Landscaping: Beauty You Can Eat|no|6|5|0.69
2025-08-27-20-07-30|ARTICLE_WRITER|EVALUATOR|gpt-4o-mini|0|The Neuroscience Behind AI Agent Decision-Making|yes|6|5|0.89
2025-08-27-20-07-45|ARTICLE_WRITER|EVALUATOR|gpt-4o-mini|0|The Mathematics of Origami: Folding Complexity from Simplicity|no|6|5|0.63
2025-08-27-20-07-47|ARTICLE_WRITER|EVALUATOR|gpt-4o-mini|0|AI Agents in Edge Computing: Processing at the Source|yes|6|5|0.64
2025-08-27-20-08-01|ARTICLE_WRITER|EVALUATOR|gpt-4o-mini|0|Stargazing Guide: Navigating the Night Sky|no|6|5|0.68
2025-08-27-20-08-03|ARTICLE_WRITER|EVALUATOR|gpt-4o-mini|0|Conversational AI Agents: Beyond Question and Answer|yes|6|5|0.68
2025-08-27-20-08-18|ARTICLE_WRITER|EVALUATOR|gpt-4o-mini|0|The Ancient Practice of Tai Chi for Modern Wellness|no|6|5|0.72
2025-08-27-20-08-19|ARTICLE_WRITER|EVALUATOR|gpt-4o-mini|0|AI Agent Interoperability: Making Different Systems Work Together|yes|6|5|0.96
2025-08-27-20-08-34|ARTICLE_WRITER|EVALUATOR|gpt-4o-mini|0|Cheese Making at Home: From Milk to Aged Perfection|no|6|5|0.67
2025-08-27-20-08-36|ARTICLE_WRITER|EVALUATOR|gpt-4o-mini|0|The Environmental Impact of AI Agent Infrastructure|yes|6|5|0.67
2025-08-27-20-08-50|ARTICLE_WRITER|EVALUATOR|gpt-4o-mini|0|The Therapeutic Benefits of Pottery and Clay Work|no|6|5|0.62
2025-08-27-20-08-52|ARTICLE_WRITER|EVALUATOR|gpt-4o-mini|0|AI Agents and Human Creativity: Collaboration, Not Competition|yes|6|5|1.03
2025-08-29-12-27-25|ARTICLE_WRITER|EVALUATOR|gpt-4o-mini|0|The Art of Sourdough: From Starter to Perfect Loaf|no|6|5|3.37
2025-08-29-12-27-27|ARTICLE_WRITER|EVALUATOR|gpt-4o-mini|0|Building Your First AI Agent: A Step-by-Step Guide|yes|6|5|1.55
2025-08-29-12-27-47|ARTICLE_WRITER|EVALUATOR|gpt-4o-mini|0|Minimalist Living: How Less Can Mean More|no|6|5|0.71
2025-08-29-12-27-48|ARTICLE_WRITER|EVALUATOR|gpt-4o-mini|0|Why AI Agents Will Replace Traditional Software|yes|6|5|0.70
