2025-08-27-20-01-17|ARTICLE_WRITER|EXPANDER|gpt-4o-mini|0|Construire votre premier agent IA : Un guide étape par étape|5.84|{'content': "Construire votre premier agent IA : Un guide étape par étape\n\nCréer un agent d'intelligence artificielle peut sembler intimidant, mais avec une approche méthodique, cela devient un projet passionnant et enrichissant. Dans ce guide, nous allons explorer les étapes essentielles pour concevoir et développer votre propre agent IA. Tout d'abord, il est crucial de définir l'objectif de votre agent : s'agit-il d'un chatbot, d'un assistant virtuel ou d'un système de recommandation ? Ensuite, vous devrez choisir les outils et les langages de programmation adaptés à votre projet, tels que Python ou JavaScript. Une fois ces bases établies, vous pouvez commencer à collecter des données, à entraîner votre modèle d'IA et à tester son fonctionnement. Enfin, n'oubliez pas d'itérer et d'améliorer votre agent en fonction des retours d'expérience. Suivez ces étapes, et vous serez en mesure de créer un agent IA fonctionnel et performant.", 'additional_kwargs': {'refusal': None}, 'response_metadata': {'token_usage': {'completion_tokens': 197, 'prompt_tokens': 60, 'total_tokens': 257, 'completion_tokens_details': {'accepted_prediction_tokens': 0, 'audio_tokens': 0, 'reasoning_tokens': 0, 'rejected_prediction_tokens': 0}, 'prompt_tokens_details': {'audio_tokens': 0, 'cached_tokens': 0}}, 'model_name': 'gpt-4o-mini-2024-07-18', 'system_fingerprint': 'fp_51db84afab', 'finish_reason': 'stop', 'logprobs': None}, 'type': 'ai', 'name': None, 'id': 'run-bbb592ca-3e65-4a35-ae7e-506b5b5ef231-0', 'example': False, 'tool_calls': [], 'invalid_tool_calls': [], 'usage_metadata': {'input_tokens': 60, 'output_tokens': 197, 'total_tokens': 257}}
2025-08-27-20-01-32|ARTICLE_WRITER|EXPANDER|gpt-4o-mini|0|Pourquoi les agents d'IA remplaceront les logiciels traditionnels|4.21|{'content': "Pourquoi les agents d'IA remplaceront les logiciels traditionnels\n\nL'émergence des agents d'intelligence artificielle (IA) transforme radicalement le paysage technologique. Contrairement aux logiciels traditionnels, qui exécutent des tâches préprogrammées, les agents d'IA apprennent et s'adaptent en temps réel, offrant ainsi une flexibilité et une efficacité inégalées. Grâce à des algorithmes avancés et à des capacités d'apprentissage automatique, ces agents peuvent analyser des données massives, anticiper des besoins et interagir de manière plus intuitive avec les utilisateurs. De plus, leur capacité à évoluer et à s'améliorer continuellement les rend particulièrement adaptés aux environnements dynamiques. En conséquence, les entreprises adoptent de plus en plus ces solutions intelligentes pour optimiser leurs processus et améliorer leur productivité. Les agents d'IA représentent donc l'avenir, promettant une révolution dans la manière dont nous interagissons avec la technologie.", 'additional_kwargs': {'refusal': None}, 'response_metadata': {'token_usage': {'completion_tokens': 195, 'prompt_tokens': 60, 'total_tokens': 255, 'completion_tokens_details': {'accepted_prediction_tokens': 0, 'audio_tokens': 0, 'reasoning_tokens': 0, 'rejected_prediction_tokens': 0}, 'prompt_tokens_details': {'audio_tokens': 0, 'cached_tokens': 0}}, 'model_name': 'gpt-4o-mini-2024-07-18', 'system_fingerprint': 'fp_560af6e559', 'finish_reason': 'stop', 'logprobs': None}, 'type': 'ai', 'name': None, 'id': 'run-2ca68219-39ef-4097-b9ff-a8dccd73fe6a-0', 'example': False, 'tool_calls': [], 'invalid_tool_calls': [], 'usage_metadata': {'input_tokens': 60, 'output_tokens': 195, 'total_tokens': 255}}
2025-08-27-20-01-52|ARTICLE_WRITER|EXPANDER|gpt-4o-mini|0|L'éthique de la prise de décision autonome par l'IA|3.35|{'content': "L'éthique de la prise de décision autonome par l'IA est un sujet de plus en plus crucial à mesure que la technologie progresse. La capacité des systèmes d'intelligence artificielle à prendre des décisions sans intervention humaine soulève des questions fondamentales sur la responsabilité, la transparence et l'équité. Par exemple, lorsque des algorithmes sont utilisés pour des décisions dans des domaines sensibles comme la justice pénale ou la santé, il est essentiel de s'assurer qu'ils ne reproduisent pas des biais existants. De plus, la question de qui est responsable en cas d'erreur ou de préjudice causé par une décision autonome est encore débattue. Les experts appellent à des cadres éthiques robustes pour guider le développement et l'utilisation de ces technologies, afin de garantir qu'elles servent l'intérêt général et respectent les droits humains.", 'additional_kwargs': {'refusal': None}, 'response_metadata': {'token_usage': {'completion_tokens': 175, 'prompt_tokens': 61, 'total_tokens': 236, 'completion_tokens_details': {'accepted_prediction_tokens': 0, 'audio_tokens': 0, 'reasoning_tokens': 0, 'rejected_prediction_tokens': 0}, 'prompt_tokens_details': {'audio_tokens': 0, 'cached_tokens': 0}}, 'model_name': 'gpt-4o-mini-2024-07-18', 'system_fingerprint': 'fp_560af6e559', 'finish_reason': 'stop', 'logprobs': None}, 'type': 'ai', 'name': None, 'id': 'run-9c789986-267e-48b1-a6f9-6b8b4a84b709-0', 'example': False, 'tool_calls': [], 'invalid_tool_calls': [], 'usage_metadata': {'input_tokens': 61, 'output_tokens': 175, 'total_tokens': 236}}
2025-08-27-20-02-05|ARTICLE_WRITER|EXPANDER|gpt-4o-mini|0|Systèmes Multi-Agents : Quand les Agents IA Travaillent Ensemble|3.42|{'content': "Systèmes Multi-Agents : Quand les Agents IA Travaillent Ensemble\n\nLes systèmes multi-agents représentent une approche innovante dans le domaine de l'intelligence artificielle, où plusieurs agents autonomes interagissent pour atteindre des objectifs communs ou résoudre des problèmes complexes. Chaque agent, doté de ses propres capacités et connaissances, peut collaborer ou rivaliser avec d'autres agents, ce qui enrichit les dynamiques de travail collectif. Ces systèmes sont particulièrement utiles dans des domaines tels que la robotique, la gestion des ressources, et même les simulations sociales. En favorisant la coopération et la communication entre agents, les systèmes multi-agents ouvrent la voie à des solutions plus efficaces et adaptatives, capables de s'ajuster à des environnements en constante évolution.", 'additional_kwargs': {'refusal': None}, 'response_metadata': {'token_usage': {'completion_tokens': 156, 'prompt_tokens': 63, 'total_tokens': 219, 'completion_tokens_details': {'accepted_prediction_tokens': 0, 'audio_tokens': 0, 'reasoning_tokens': 0, 'rejected_prediction_tokens': 0}, 'prompt_tokens_details': {'audio_tokens': 0, 'cached_tokens': 0}}, 'model_name': 'gpt-4o-mini-2024-07-18', 'system_fingerprint': 'fp_560af6e559', 'finish_reason': 'stop', 'logprobs': None}, 'type': 'ai', 'name': None, 'id': 'run-bb31ff2c-21ea-4b40-8f14-1b33e9b1097b-0', 'example': False, 'tool_calls': [], 'invalid_tool_calls': [], 'usage_metadata': {'input_tokens': 63, 'output_tokens': 156, 'total_tokens': 219}}
2025-08-27-20-02-20|ARTICLE_WRITER|EXPANDER|gpt-4o-mini|0|Des chatbots aux agents IA : L'évolution de l'IA conversationnelle|3.41|{'content': "Des chatbots aux agents IA : L'évolution de l'IA conversationnelle\n\nL'intelligence artificielle (IA) conversationnelle a connu une transformation remarquable au fil des années, passant de simples chatbots à des agents IA sophistiqués capables de comprendre et d'interagir de manière plus humaine. À l'origine, les chatbots étaient limités à des réponses préprogrammées, souvent frustrantes pour les utilisateurs. Cependant, avec les avancées en traitement du langage naturel (NLP) et en apprentissage automatique, ces systèmes ont évolué pour devenir plus intuitifs et adaptatifs. Aujourd'hui, les agents IA peuvent gérer des conversations complexes, apprendre des préférences des utilisateurs et fournir des réponses personnalisées, rendant l'interaction utilisateur-machine plus fluide et efficace. Cette évolution ouvre la voie à de nouvelles applications dans divers domaines, allant du service client à l'éducation, transformant ainsi la façon dont nous interagissons avec la technologie.", 'additional_kwargs': {'refusal': None}, 'response_metadata': {'token_usage': {'completion_tokens': 193, 'prompt_tokens': 63, 'total_tokens': 256, 'completion_tokens_details': {'accepted_prediction_tokens': 0, 'audio_tokens': 0, 'reasoning_tokens': 0, 'rejected_prediction_tokens': 0}, 'prompt_tokens_details': {'audio_tokens': 0, 'cached_tokens': 0}}, 'model_name': 'gpt-4o-mini-2024-07-18', 'system_fingerprint': 'fp_560af6e559', 'finish_reason': 'stop', 'logprobs': None}, 'type': 'ai', 'name': None, 'id': 'run-d36c7d2e-a648-4d5b-9ef9-1207a4612d2a-0', 'example': False, 'tool_calls': [], 'invalid_tool_calls': [], 'usage_metadata': {'input_tokens': 63, 'output_tokens': 193, 'total_tokens': 256}}
2025-08-27-20-02-35|ARTICLE_WRITER|EXPANDER|gpt-4o-mini|0|Sécurité des agents d'IA : Protéger contre les attaques par injection de prompt|2.49|{'content': "La sécurité des agents d'intelligence artificielle (IA) est un enjeu crucial dans le développement de technologies avancées. Parmi les menaces émergentes, les attaques par injection de prompt se distinguent par leur capacité à manipuler les réponses générées par les agents d'IA. Ces attaques exploitent les vulnérabilités des systèmes pour insérer des instructions malveillantes, pouvant entraîner des résultats imprévus ou indésirables. Pour contrer ces risques, il est essentiel de mettre en place des protocoles de sécurité robustes, tels que la validation des entrées et la surveillance des interactions. En protégeant les agents d'IA contre ces attaques, nous assurons leur intégrité et leur fiabilité, renforçant ainsi la confiance des utilisateurs dans ces technologies.", 'additional_kwargs': {'refusal': None}, 'response_metadata': {'token_usage': {'completion_tokens': 161, 'prompt_tokens': 66, 'total_tokens': 227, 'completion_tokens_details': {'accepted_prediction_tokens': 0, 'audio_tokens': 0, 'reasoning_tokens': 0, 'rejected_prediction_tokens': 0}, 'prompt_tokens_details': {'audio_tokens': 0, 'cached_tokens': 0}}, 'model_name': 'gpt-4o-mini-2024-07-18', 'system_fingerprint': 'fp_560af6e559', 'finish_reason': 'stop', 'logprobs': None}, 'type': 'ai', 'name': None, 'id': 'run-791c7e47-bd76-4a88-b7fb-380ba85e287d-0', 'example': False, 'tool_calls': [], 'invalid_tool_calls': [], 'usage_metadata': {'input_tokens': 66, 'output_tokens': 161, 'total_tokens': 227}}
2025-08-27-20-02-50|ARTICLE_WRITER|EXPANDER|gpt-4o-mini|0|L'avenir du travail : Comment les agents d'IA transformeront les industries|3.38|{'content': "L'avenir du travail : Comment les agents d'IA transformeront les industries\n\nL'essor des agents d'intelligence artificielle (IA) est en train de redéfinir le paysage professionnel à une vitesse fulgurante. Ces technologies avancées, capables d'analyser des données massives et d'exécuter des tâches complexes, transforment déjà de nombreux secteurs, de la santé à la finance en passant par la logistique. Les agents d'IA ne se contentent pas d'automatiser des processus; ils améliorent également la prise de décision en fournissant des analyses précises et en anticipant les besoins du marché. À long terme, cette révolution pourrait engendrer de nouvelles opportunités d'emploi, tout en exigeant des compétences adaptées aux défis technologiques. Ainsi, la collaboration entre l'humain et l'IA pourrait devenir la norme, favorisant une synergie qui propulsera les industries vers un avenir innovant et dynamique.", 'additional_kwargs': {'refusal': None}, 'response_metadata': {'token_usage': {'completion_tokens': 197, 'prompt_tokens': 63, 'total_tokens': 260, 'completion_tokens_details': {'accepted_prediction_tokens': 0, 'audio_tokens': 0, 'reasoning_tokens': 0, 'rejected_prediction_tokens': 0}, 'prompt_tokens_details': {'audio_tokens': 0, 'cached_tokens': 0}}, 'model_name': 'gpt-4o-mini-2024-07-18', 'system_fingerprint': 'fp_560af6e559', 'finish_reason': 'stop', 'logprobs': None}, 'type': 'ai', 'name': None, 'id': 'run-07330d15-07ee-4bae-bcbc-6fe3cf1d3f02-0', 'example': False, 'tool_calls': [], 'invalid_tool_calls': [], 'usage_metadata': {'input_tokens': 63, 'output_tokens': 197, 'total_tokens': 260}}
2025-08-27-20-03-06|ARTICLE_WRITER|EXPANDER|gpt-4o-mini|0|Former des agents d'IA avec l'apprentissage par renforcement|5.55|{'content': "L'apprentissage par renforcement est une méthode d'entraînement qui permet aux agents d'intelligence artificielle (IA) d'apprendre à prendre des décisions optimales en interagissant avec leur environnement. Ces agents, souvent utilisés dans des domaines variés tels que les jeux vidéo, la robotique ou la conduite autonome, reçoivent des récompenses ou des pénalités en fonction de leurs actions. Grâce à cette approche, ils peuvent améliorer leurs performances au fil du temps. Par exemple, des agents d'IA ont été formés pour jouer à des jeux complexes comme le Go ou StarCraft, atteignant des niveaux de compétence qui surpassent ceux des meilleurs joueurs humains. Cette technique continue d'évoluer, promettant des avancées significatives dans le domaine de l'IA.", 'additional_kwargs': {'refusal': None}, 'response_metadata': {'token_usage': {'completion_tokens': 160, 'prompt_tokens': 61, 'total_tokens': 221, 'completion_tokens_details': {'accepted_prediction_tokens': 0, 'audio_tokens': 0, 'reasoning_tokens': 0, 'rejected_prediction_tokens': 0}, 'prompt_tokens_details': {'audio_tokens': 0, 'cached_tokens': 0}}, 'model_name': 'gpt-4o-mini-2024-07-18', 'system_fingerprint': 'fp_51db84afab', 'finish_reason': 'stop', 'logprobs': None}, 'type': 'ai', 'name': None, 'id': 'run-e45819b6-14c5-453d-9282-e0e3d0893aa5-0', 'example': False, 'tool_calls': [], 'invalid_tool_calls': [], 'usage_metadata': {'input_tokens': 61, 'output_tokens': 160, 'total_tokens': 221}}
2025-08-27-20-03-20|ARTICLE_WRITER|EXPANDER|gpt-4o-mini|0|Systèmes de Mémoire des Agents IA : Faire en Sorte que les Machines se Souviennent|3.20|{'content': "Les systèmes de mémoire des agents d'intelligence artificielle (IA) jouent un rôle crucial dans l'amélioration de l'interaction entre les utilisateurs et les machines. En permettant aux IA de se souvenir des informations pertinentes, ces systèmes contribuent à créer une expérience plus personnalisée et efficace. Par exemple, une IA capable de se souvenir des préférences d'un utilisateur peut offrir des recommandations plus adaptées, rendant les interactions plus fluides. Cependant, la mise en œuvre de ces systèmes de mémoire soulève des questions éthiques et techniques, notamment en ce qui concerne la protection des données et la gestion de l'oubli. Ainsi, il est essentiel de développer des protocoles robustes pour garantir que les machines se souviennent de manière responsable et respectueuse.", 'additional_kwargs': {'refusal': None}, 'response_metadata': {'token_usage': {'completion_tokens': 155, 'prompt_tokens': 68, 'total_tokens': 223, 'completion_tokens_details': {'accepted_prediction_tokens': 0, 'audio_tokens': 0, 'reasoning_tokens': 0, 'rejected_prediction_tokens': 0}, 'prompt_tokens_details': {'audio_tokens': 0, 'cached_tokens': 0}}, 'model_name': 'gpt-4o-mini-2024-07-18', 'system_fingerprint': 'fp_560af6e559', 'finish_reason': 'stop', 'logprobs': None}, 'type': 'ai', 'name': None, 'id': 'run-0baa4d4c-aa90-419a-83dd-554319515d12-0', 'example': False, 'tool_calls': [], 'invalid_tool_calls': [], 'usage_metadata': {'input_tokens': 68, 'output_tokens': 155, 'total_tokens': 223}}
2025-08-27-20-03-37|ARTICLE_WRITER|EXPANDER|gpt-4o-mini|0|Intelligence Collective : Ce que les colonies de fourmis nous apprennent sur l'IA|4.10|{'content': "Intelligence Collective : Ce que les colonies de fourmis nous apprennent sur l'IA\n\nLes colonies de fourmis, souvent considérées comme des modèles d'organisation et de coopération, offrent des leçons fascinantes pour le développement de l'intelligence artificielle (IA). Ces insectes sociaux démontrent comment des comportements simples, guidés par des règles de base, peuvent conduire à des résultats complexes et efficaces. Par exemple, la manière dont les fourmis trouvent le chemin le plus court vers une source de nourriture illustre la capacité d'optimisation que les algorithmes d'IA cherchent à reproduire. En observant ces colonies, les chercheurs en IA peuvent s'inspirer de la manière dont les fourmis communiquent et collaborent pour résoudre des problèmes, ce qui pourrait améliorer les systèmes d'IA dans des domaines variés, de la logistique à la robotique. En somme, l'étude des colonies de fourmis représente une source précieuse d'inspiration pour la création d'algorithmes plus intelligents et adaptatifs.", 'additional_kwargs': {'refusal': None}, 'response_metadata': {'token_usage': {'completion_tokens': 214, 'prompt_tokens': 65, 'total_tokens': 279, 'completion_tokens_details': {'accepted_prediction_tokens': 0, 'audio_tokens': 0, 'reasoning_tokens': 0, 'rejected_prediction_tokens': 0}, 'prompt_tokens_details': {'audio_tokens': 0, 'cached_tokens': 0}}, 'model_name': 'gpt-4o-mini-2024-07-18', 'system_fingerprint': 'fp_51db84afab', 'finish_reason': 'stop', 'logprobs': None}, 'type': 'ai', 'name': None, 'id': 'run-fddc2d61-6d0a-41db-9df8-c3ab21603371-0', 'example': False, 'tool_calls': [], 'invalid_tool_calls': [], 'usage_metadata': {'input_tokens': 65, 'output_tokens': 214, 'total_tokens': 279}}
2025-08-27-20-03-51|ARTICLE_WRITER|EXPANDER|gpt-4o-mini|0|Construire des agents d'IA fiables pour la santé|3.04|{'content': "Construire des agents d'IA fiables pour la santé est devenu une priorité incontournable dans le domaine médical. Avec l'essor des technologies numériques, ces systèmes intelligents peuvent analyser de vastes ensembles de données, offrant des diagnostics plus précis et des traitements personnalisés. Cependant, la fiabilité de ces agents repose sur des algorithmes robustes et des données de haute qualité. Il est essentiel d'assurer la transparence et l'éthique dans leur développement, afin de gagner la confiance des professionnels de santé et des patients. En outre, une collaboration étroite entre les chercheurs, les cliniciens et les spécialistes en éthique est cruciale pour garantir que ces outils soient non seulement efficaces, mais également sûrs et bénéfiques pour tous.", 'additional_kwargs': {'refusal': None}, 'response_metadata': {'token_usage': {'completion_tokens': 150, 'prompt_tokens': 59, 'total_tokens': 209, 'completion_tokens_details': {'accepted_prediction_tokens': 0, 'audio_tokens': 0, 'reasoning_tokens': 0, 'rejected_prediction_tokens': 0}, 'prompt_tokens_details': {'audio_tokens': 0, 'cached_tokens': 0}}, 'model_name': 'gpt-4o-mini-2024-07-18', 'system_fingerprint': 'fp_560af6e559', 'finish_reason': 'stop', 'logprobs': None}, 'type': 'ai', 'name': None, 'id': 'run-4c2d8902-7040-46d8-a8a3-6717734e3e77-0', 'example': False, 'tool_calls': [], 'invalid_tool_calls': [], 'usage_metadata': {'input_tokens': 59, 'output_tokens': 150, 'total_tokens': 209}}
2025-08-27-20-04-09|ARTICLE_WRITER|EXPANDER|gpt-4o-mini|0|L'économie des agents d'IA : Coût vs. Travail humain|6.62|{'content': "L'économie des agents d'IA : Coût vs. Travail humain\n\nL'essor des agents d'intelligence artificielle (IA) transforme profondément le paysage économique, soulevant des questions cruciales sur le coût et la valeur du travail humain. D'une part, les entreprises adoptent de plus en plus ces technologies pour réduire les coûts opérationnels et améliorer l'efficacité. Les agents d'IA peuvent traiter des données à une vitesse inimaginable et exécuter des tâches répétitives sans fatigue, ce qui les rend attrayants pour de nombreux secteurs. D'autre part, cette automatisation pose des défis pour le marché du travail, car elle peut entraîner la disparition de certains emplois traditionnels, suscitant des préoccupations quant à la sécurité de l'emploi et à la nécessité de requalifier les travailleurs. Ainsi, le débat entre le coût des agents d'IA et la préservation du travail humain est devenu un enjeu central dans l'économie moderne, exigeant une réflexion approfondie sur l'avenir du travail et la manière dont nous valorisons les contributions humaines dans un monde de plus en plus automatisé.", 'additional_kwargs': {'refusal': None}, 'response_metadata': {'token_usage': {'completion_tokens': 226, 'prompt_tokens': 62, 'total_tokens': 288, 'completion_tokens_details': {'accepted_prediction_tokens': 0, 'audio_tokens': 0, 'reasoning_tokens': 0, 'rejected_prediction_tokens': 0}, 'prompt_tokens_details': {'audio_tokens': 0, 'cached_tokens': 0}}, 'model_name': 'gpt-4o-mini-2024-07-18', 'system_fingerprint': 'fp_560af6e559', 'finish_reason': 'stop', 'logprobs': None}, 'type': 'ai', 'name': None, 'id': 'run-cb700613-734f-4ad1-b0e5-210fc42a72a5-0', 'example': False, 'tool_calls': [], 'invalid_tool_calls': [], 'usage_metadata': {'input_tokens': 62, 'output_tokens': 226, 'total_tokens': 288}}
2025-08-27-20-04-30|ARTICLE_WRITER|EXPANDER|gpt-4o-mini|0|Agents IA dans les jeux vidéo : Créer des PNJ intelligents|8.82|{'content': "Les agents intelligents (IA) dans les jeux vidéo jouent un rôle crucial dans l'amélioration de l'expérience de jeu en rendant les personnages non-joueurs (PNJ) plus réalistes et interactifs. Grâce à des algorithmes avancés et des techniques d'apprentissage automatique, ces PNJ peuvent réagir de manière dynamique aux actions des joueurs, s'adapter à différentes situations et même développer des comportements autonomes. Par exemple, dans les jeux d'action, un PNJ peut choisir de se cacher ou d'attaquer en fonction de la stratégie du joueur. Cette évolution technologique permet non seulement de créer des mondes virtuels plus immersifs, mais aussi d'offrir des expériences de jeu uniques et personnalisées. En intégrant des agents IA sophistiqués, les développeurs peuvent transformer des scénarios linéaires en aventures riches et variées, captivant ainsi les joueurs de manière inédite.", 'additional_kwargs': {'refusal': None}, 'response_metadata': {'token_usage': {'completion_tokens': 189, 'prompt_tokens': 62, 'total_tokens': 251, 'completion_tokens_details': {'accepted_prediction_tokens': 0, 'audio_tokens': 0, 'reasoning_tokens': 0, 'rejected_prediction_tokens': 0}, 'prompt_tokens_details': {'audio_tokens': 0, 'cached_tokens': 0}}, 'model_name': 'gpt-4o-mini-2024-07-18', 'system_fingerprint': 'fp_560af6e559', 'finish_reason': 'stop', 'logprobs': None}, 'type': 'ai', 'name': None, 'id': 'run-fd9f6a71-768b-49eb-834f-e206bf4a8180-0', 'example': False, 'tool_calls': [], 'invalid_tool_calls': [], 'usage_metadata': {'input_tokens': 62, 'output_tokens': 189, 'total_tokens': 251}}
2025-08-27-20-04-44|ARTICLE_WRITER|EXPANDER|gpt-4o-mini|0|Débogage du Comportement des Agents IA : Outils et Techniques|3.04|{'content': "Débogage du Comportement des Agents IA : Outils et Techniques\n\nLe débogage des agents d'intelligence artificielle (IA) est une étape cruciale dans le développement de systèmes autonomes. Les agents IA, qui peuvent apprendre et s'adapter à leur environnement, présentent souvent des comportements imprévus. Pour identifier et corriger ces anomalies, plusieurs outils et techniques sont à la disposition des développeurs. Parmi eux, les environnements de simulation permettent de tester les agents dans des scénarios variés sans risque. De plus, l'utilisation de visualisations de données peut aider à comprendre les décisions prises par l'IA. Les techniques de journalisation et d'analyse des erreurs sont également essentielles pour retracer les actions des agents et identifier les causes profondes des comportements indésirables. En combinant ces approches, les chercheurs et ingénieurs peuvent améliorer la fiabilité et l'efficacité des agents IA, garantissant ainsi leur performance dans des applications du monde réel.", 'additional_kwargs': {'refusal': None}, 'response_metadata': {'token_usage': {'completion_tokens': 200, 'prompt_tokens': 63, 'total_tokens': 263, 'completion_tokens_details': {'accepted_prediction_tokens': 0, 'audio_tokens': 0, 'reasoning_tokens': 0, 'rejected_prediction_tokens': 0}, 'prompt_tokens_details': {'audio_tokens': 0, 'cached_tokens': 0}}, 'model_name': 'gpt-4o-mini-2024-07-18', 'system_fingerprint': 'fp_560af6e559', 'finish_reason': 'stop', 'logprobs': None}, 'type': 'ai', 'name': None, 'id': 'run-a6631c7a-0407-475c-812d-af502fa65cfa-0', 'example': False, 'tool_calls': [], 'invalid_tool_calls': [], 'usage_metadata': {'input_tokens': 63, 'output_tokens': 200, 'total_tokens': 263}}
2025-08-27-20-04-58|ARTICLE_WRITER|EXPANDER|gpt-4o-mini|0|Orchestration des agents IA : Gestion des flux de travail complexes|3.23|{'content': "L'orchestration des agents d'intelligence artificielle (IA) est un domaine crucial qui vise à gérer efficacement les flux de travail complexes. En intégrant plusieurs agents IA, les entreprises peuvent automatiser des processus variés, allant de la gestion des données à l'analyse prédictive. Cette approche permet non seulement d'optimiser les performances, mais aussi de réduire les erreurs humaines. Grâce à des algorithmes avancés, ces agents peuvent collaborer de manière autonome, s'adapter aux changements en temps réel et fournir des résultats précis. En somme, l'orchestration des agents IA représente une avancée significative vers une gestion plus intelligente et réactive des flux de travail dans divers secteurs.", 'additional_kwargs': {'refusal': None}, 'response_metadata': {'token_usage': {'completion_tokens': 142, 'prompt_tokens': 61, 'total_tokens': 203, 'completion_tokens_details': {'accepted_prediction_tokens': 0, 'audio_tokens': 0, 'reasoning_tokens': 0, 'rejected_prediction_tokens': 0}, 'prompt_tokens_details': {'audio_tokens': 0, 'cached_tokens': 0}}, 'model_name': 'gpt-4o-mini-2024-07-18', 'system_fingerprint': 'fp_560af6e559', 'finish_reason': 'stop', 'logprobs': None}, 'type': 'ai', 'name': None, 'id': 'run-305ffabc-0767-46f3-8e16-f862347d65a2-0', 'example': False, 'tool_calls': [], 'invalid_tool_calls': [], 'usage_metadata': {'input_tokens': 61, 'output_tokens': 142, 'total_tokens': 203}}
2025-08-27-20-05-13|ARTICLE_WRITER|EXPANDER|gpt-4o-mini|0|Traitement du langage naturel pour la communication des agents IA|3.37|{'content': "Le traitement du langage naturel (TLN) joue un rôle crucial dans la communication entre les agents d'intelligence artificielle (IA). Grâce à des algorithmes avancés, ces agents sont capables de comprendre, d'interpréter et de générer du langage humain, ce qui leur permet d'interagir de manière plus fluide et naturelle avec les utilisateurs. Le TLN facilite non seulement la compréhension des requêtes des utilisateurs, mais permet également aux agents de répondre de manière contextuelle et pertinente. En intégrant des techniques telles que l'analyse de sentiment et la reconnaissance des entités nommées, les agents IA peuvent améliorer leur efficacité et leur pertinence dans divers domaines, allant du service client à l'assistance personnelle. Cette évolution technologique ouvre de nouvelles perspectives pour une communication plus intuitive et enrichissante entre l'homme et la machine.", 'additional_kwargs': {'refusal': None}, 'response_metadata': {'token_usage': {'completion_tokens': 170, 'prompt_tokens': 59, 'total_tokens': 229, 'completion_tokens_details': {'accepted_prediction_tokens': 0, 'audio_tokens': 0, 'reasoning_tokens': 0, 'rejected_prediction_tokens': 0}, 'prompt_tokens_details': {'audio_tokens': 0, 'cached_tokens': 0}}, 'model_name': 'gpt-4o-mini-2024-07-18', 'system_fingerprint': 'fp_560af6e559', 'finish_reason': 'stop', 'logprobs': None}, 'type': 'ai', 'name': None, 'id': 'run-2b9d2529-d6f2-4e20-a08c-fc6424ad3aa8-0', 'example': False, 'tool_calls': [], 'invalid_tool_calls': [], 'usage_metadata': {'input_tokens': 59, 'output_tokens': 170, 'total_tokens': 229}}
2025-08-27-20-05-28|ARTICLE_WRITER|EXPANDER|gpt-4o-mini|0|Agents IA et Confidentialité : Équilibrer Personnalisation et Protection|3.50|{'content': "Agents IA et Confidentialité : Équilibrer Personnalisation et Protection\n\nL'essor des agents d'intelligence artificielle (IA) soulève des questions cruciales concernant la confidentialité des données. Alors que ces technologies offrent des expériences personnalisées, elles nécessitent également la collecte et l'analyse de vastes quantités d'informations personnelles. Il est essentiel de trouver un équilibre entre la personnalisation des services et la protection des données des utilisateurs. Les entreprises doivent adopter des pratiques transparentes en matière de gestion des données, en informant les utilisateurs sur la manière dont leurs informations sont utilisées. En favorisant une approche éthique, il est possible de tirer parti des avantages de l'IA tout en préservant la confiance des consommateurs. La mise en œuvre de réglementations strictes et le développement de technologies respectueuses de la vie privée sont également des étapes cruciales pour garantir que la confidentialité ne soit pas compromise au profit de l'innovation.", 'additional_kwargs': {'refusal': None}, 'response_metadata': {'token_usage': {'completion_tokens': 192, 'prompt_tokens': 63, 'total_tokens': 255, 'completion_tokens_details': {'accepted_prediction_tokens': 0, 'audio_tokens': 0, 'reasoning_tokens': 0, 'rejected_prediction_tokens': 0}, 'prompt_tokens_details': {'audio_tokens': 0, 'cached_tokens': 0}}, 'model_name': 'gpt-4o-mini-2024-07-18', 'system_fingerprint': 'fp_560af6e559', 'finish_reason': 'stop', 'logprobs': None}, 'type': 'ai', 'name': None, 'id': 'run-72028328-b7d9-40ed-8954-b2a4d5d405dd-0', 'example': False, 'tool_calls': [], 'invalid_tool_calls': [], 'usage_metadata': {'input_tokens': 63, 'output_tokens': 192, 'total_tokens': 255}}
2025-08-27-20-05-46|ARTICLE_WRITER|EXPANDER|gpt-4o-mini|0|Construire des agents d'IA explicables pour des applications critiques|6.07|{'content': "Construire des agents d'IA explicables pour des applications critiques est devenu une nécessité dans de nombreux domaines, notamment la santé, la finance et la sécurité. L'explicabilité permet aux utilisateurs de comprendre les décisions prises par les systèmes d'intelligence artificielle, ce qui est essentiel pour instaurer la confiance et garantir la responsabilité. Dans des situations où des vies humaines peuvent être en jeu, comme dans le diagnostic médical ou la gestion des risques financiers, il est crucial que les agents d'IA puissent fournir des justifications claires et accessibles de leurs recommandations. De plus, le développement de normes et de réglementations autour de l'explicabilité des algorithmes est un enjeu majeur pour assurer une adoption éthique et sécurisée de ces technologies. En investissant dans des recherches sur l'explicabilité, nous pouvons créer des systèmes d'IA qui non seulement améliorent l'efficacité, mais qui sont également transparents et dignes de confiance.", 'additional_kwargs': {'refusal': None}, 'response_metadata': {'token_usage': {'completion_tokens': 193, 'prompt_tokens': 61, 'total_tokens': 254, 'completion_tokens_details': {'accepted_prediction_tokens': 0, 'audio_tokens': 0, 'reasoning_tokens': 0, 'rejected_prediction_tokens': 0}, 'prompt_tokens_details': {'audio_tokens': 0, 'cached_tokens': 0}}, 'model_name': 'gpt-4o-mini-2024-07-18', 'system_fingerprint': 'fp_560af6e559', 'finish_reason': 'stop', 'logprobs': None}, 'type': 'ai', 'name': None, 'id': 'run-f4d224d1-0208-4a2b-87d6-b857ab703c4b-0', 'example': False, 'tool_calls': [], 'invalid_tool_calls': [], 'usage_metadata': {'input_tokens': 61, 'output_tokens': 193, 'total_tokens': 254}}
2025-08-27-20-06-02|ARTICLE_WRITER|EXPANDER|gpt-4o-mini|0|Test des agents IA : Assurer la fiabilité en production|2.84|{'content': "Test des agents IA : Assurer la fiabilité en production\n\nDans un monde de plus en plus dominé par l'intelligence artificielle, il est crucial de garantir la fiabilité des agents IA avant leur déploiement en production. Les tests rigoureux permettent d’évaluer leur performance, leur sécurité et leur robustesse face à des scénarios variés. En intégrant des méthodologies de test avancées, telles que les simulations et l'analyse des biais, les développeurs peuvent identifier les failles potentielles et améliorer la qualité des systèmes. De plus, la mise en place de protocoles de suivi post-déploiement est essentielle pour surveiller le comportement des agents IA en temps réel, assurant ainsi une adaptation continue aux exigences changeantes du marché et des utilisateurs.", 'additional_kwargs': {'refusal': None}, 'response_metadata': {'token_usage': {'completion_tokens': 158, 'prompt_tokens': 60, 'total_tokens': 218, 'completion_tokens_details': {'accepted_prediction_tokens': 0, 'audio_tokens': 0, 'reasoning_tokens': 0, 'rejected_prediction_tokens': 0}, 'prompt_tokens_details': {'audio_tokens': 0, 'cached_tokens': 0}}, 'model_name': 'gpt-4o-mini-2024-07-18', 'system_fingerprint': 'fp_560af6e559', 'finish_reason': 'stop', 'logprobs': None}, 'type': 'ai', 'name': None, 'id': 'run-82c51583-a866-4549-ba47-8fd82f457032-0', 'example': False, 'tool_calls': [], 'invalid_tool_calls': [], 'usage_metadata': {'input_tokens': 60, 'output_tokens': 158, 'total_tokens': 218}}
2025-08-27-20-06-19|ARTICLE_WRITER|EXPANDER|gpt-4o-mini|0|Le Rôle des Agents IA dans la Découverte Scientifique|4.21|{'content': "Le Rôle des Agents IA dans la Découverte Scientifique\n\nLes agents d'intelligence artificielle (IA) jouent un rôle de plus en plus crucial dans le domaine de la découverte scientifique. Grâce à leur capacité à analyser d'énormes ensembles de données à une vitesse inégalée, ces systèmes peuvent identifier des modèles et des corrélations qui échapperaient à l'œil humain. Par exemple, dans le secteur de la biologie, des algorithmes d'apprentissage automatique sont utilisés pour découvrir de nouveaux médicaments en prédisant comment différentes molécules interagiront avec des cibles biologiques. De plus, l'IA facilite la modélisation et la simulation de phénomènes complexes, permettant aux chercheurs d'explorer des hypothèses et de générer de nouvelles idées. En intégrant l'IA dans le processus de recherche, les scientifiques peuvent non seulement accélérer leurs découvertes, mais aussi élargir leur compréhension des systèmes naturels. Ce partenariat entre l'homme et la machine promet de transformer radicalement la manière dont nous abordons les défis scientifiques.", 'additional_kwargs': {'refusal': None}, 'response_metadata': {'token_usage': {'completion_tokens': 218, 'prompt_tokens': 60, 'total_tokens': 278, 'completion_tokens_details': {'accepted_prediction_tokens': 0, 'audio_tokens': 0, 'reasoning_tokens': 0, 'rejected_prediction_tokens': 0}, 'prompt_tokens_details': {'audio_tokens': 0, 'cached_tokens': 0}}, 'model_name': 'gpt-4o-mini-2024-07-18', 'system_fingerprint': 'fp_560af6e559', 'finish_reason': 'stop', 'logprobs': None}, 'type': 'ai', 'name': None, 'id': 'run-55566963-9827-4ebb-8615-819b166ecebf-0', 'example': False, 'tool_calls': [], 'invalid_tool_calls': [], 'usage_metadata': {'input_tokens': 60, 'output_tokens': 218, 'total_tokens': 278}}
2025-08-27-20-06-35|ARTICLE_WRITER|EXPANDER|gpt-4o-mini|0|Démocratiser l'IA : Rendre le développement d'agents accessible|4.12|{'content': "Démocratiser l'IA : Rendre le développement d'agents accessible\n\nL'intelligence artificielle (IA) est en train de transformer notre monde à une vitesse fulgurante. Cependant, l'accès à cette technologie reste souvent limité à un cercle restreint de développeurs et d'experts. Pour véritablement démocratiser l'IA, il est essentiel de rendre le développement d'agents intelligents accessible à un plus large public, y compris aux étudiants, aux entrepreneurs et aux passionnés. Cela peut être réalisé par le biais de plateformes conviviales, de ressources éducatives gratuites et d'outils de développement simplifiés. En favorisant une culture d'apprentissage et d'expérimentation, nous pouvons encourager l'innovation et permettre à chacun de contribuer à l'évolution de cette technologie révolutionnaire. En fin de compte, l'accessibilité à l'IA pourrait ouvrir la voie à des solutions créatives et variées, répondant à des défis sociétaux divers.", 'additional_kwargs': {'refusal': None}, 'response_metadata': {'token_usage': {'completion_tokens': 203, 'prompt_tokens': 65, 'total_tokens': 268, 'completion_tokens_details': {'accepted_prediction_tokens': 0, 'audio_tokens': 0, 'reasoning_tokens': 0, 'rejected_prediction_tokens': 0}, 'prompt_tokens_details': {'audio_tokens': 0, 'cached_tokens': 0}}, 'model_name': 'gpt-4o-mini-2024-07-18', 'system_fingerprint': 'fp_560af6e559', 'finish_reason': 'stop', 'logprobs': None}, 'type': 'ai', 'name': None, 'id': 'run-84f04ed7-5a69-4bcb-88dd-0449d0d7d79b-0', 'example': False, 'tool_calls': [], 'invalid_tool_calls': [], 'usage_metadata': {'input_tokens': 65, 'output_tokens': 203, 'total_tokens': 268}}
2025-08-27-20-06-52|ARTICLE_WRITER|EXPANDER|gpt-4o-mini|0|Agents IA et Créativité : Les Machines Peuvent-elles Être Vraiment Originales ?|3.43|{'content': "Agents IA et Créativité : Les Machines Peuvent-elles Être Vraiment Originales ?\n\nL'émergence des agents d'intelligence artificielle (IA) soulève des questions fascinantes sur la créativité. Peut-on réellement considérer ces machines comme capables de produire des œuvres originales ? Alors que les algorithmes peuvent analyser des millions de données, générer des images, ou composer de la musique, leur capacité à créer de manière authentique reste sujette à débat. La créativité humaine est souvent associée à des émotions, des expériences vécues et des intuitions, des éléments que les machines ne possèdent pas. Cependant, certaines avancées technologiques montrent que les IA peuvent imiter des styles artistiques et proposer des idées novatrices. Ainsi, la frontière entre création humaine et machine devient de plus en plus floue, invitant à une réflexion profonde sur la nature même de l'originalité et de l'art à l'ère numérique.", 'additional_kwargs': {'refusal': None}, 'response_metadata': {'token_usage': {'completion_tokens': 193, 'prompt_tokens': 67, 'total_tokens': 260, 'completion_tokens_details': {'accepted_prediction_tokens': 0, 'audio_tokens': 0, 'reasoning_tokens': 0, 'rejected_prediction_tokens': 0}, 'prompt_tokens_details': {'audio_tokens': 0, 'cached_tokens': 0}}, 'model_name': 'gpt-4o-mini-2024-07-18', 'system_fingerprint': 'fp_560af6e559', 'finish_reason': 'stop', 'logprobs': None}, 'type': 'ai', 'name': None, 'id': 'run-1cce0bf2-c375-41b9-bcb6-a01769d26762-0', 'example': False, 'tool_calls': [], 'invalid_tool_calls': [], 'usage_metadata': {'input_tokens': 67, 'output_tokens': 193, 'total_tokens': 260}}
2025-08-27-20-07-08|ARTICLE_WRITER|EXPANDER|gpt-4o-mini|0|Déployer des agents d'IA à grande échelle : Leçons des tranchées|3.59|{'content': 'Déployer des agents d\'IA à grande échelle : Leçons des tranchées\n\nLe déploiement d\'agents d\'intelligence artificielle (IA) à grande échelle présente des défis uniques qui nécessitent une approche réfléchie et stratégique. Les leçons tirées des expériences passées, souvent qualifiées de "leçons des tranchées", révèlent l\'importance de la préparation et de l\'adaptabilité. Il est essentiel d\'impliquer les parties prenantes dès le début du processus, afin de garantir que les solutions d\'IA répondent réellement aux besoins du terrain. De plus, la formation continue des équipes et l\'itération rapide des modèles sont cruciales pour s\'assurer que les agents d\'IA restent efficaces et pertinents dans un environnement en constante évolution. En intégrant ces enseignements, les organisations peuvent maximiser l\'impact de leurs initiatives d\'IA tout en minimisant les risques associés à leur déploiement.', 'additional_kwargs': {'refusal': None}, 'response_metadata': {'token_usage': {'completion_tokens': 197, 'prompt_tokens': 66, 'total_tokens': 263, 'completion_tokens_details': {'accepted_prediction_tokens': 0, 'audio_tokens': 0, 'reasoning_tokens': 0, 'rejected_prediction_tokens': 0}, 'prompt_tokens_details': {'audio_tokens': 0, 'cached_tokens': 0}}, 'model_name': 'gpt-4o-mini-2024-07-18', 'system_fingerprint': 'fp_51db84afab', 'finish_reason': 'stop', 'logprobs': None}, 'type': 'ai', 'name': None, 'id': 'run-75e0a578-b685-4110-80b1-dae28e8b8b63-0', 'example': False, 'tool_calls': [], 'invalid_tool_calls': [], 'usage_metadata': {'input_tokens': 66, 'output_tokens': 197, 'total_tokens': 263}}
2025-08-27-20-07-25|ARTICLE_WRITER|EXPANDER|gpt-4o-mini|0|Biais des agents d'IA : stratégies de détection et d'atténuation|4.97|{'content': "Biais des agents d'IA : stratégies de détection et d'atténuation\n\nLes agents d'intelligence artificielle (IA) peuvent parfois refléter des biais présents dans les données sur lesquelles ils ont été formés. Ces biais peuvent avoir des conséquences significatives, allant de la discrimination dans les décisions automatisées à une perte de confiance du public envers les technologies. Pour contrer ces problèmes, il est crucial d'adopter des stratégies de détection et d'atténuation. \n\nLa détection des biais peut inclure l'analyse des résultats des algorithmes pour identifier des comportements discriminatoires. Parallèlement, des techniques d'atténuation, telles que l'ajustement des données d'entraînement ou l'implémentation de modèles plus transparents, peuvent être mises en œuvre. En intégrant ces stratégies, les développeurs d'IA peuvent créer des systèmes plus équitables et responsables, contribuant ainsi à un avenir numérique plus inclusif.", 'additional_kwargs': {'refusal': None}, 'response_metadata': {'token_usage': {'completion_tokens': 196, 'prompt_tokens': 65, 'total_tokens': 261, 'completion_tokens_details': {'accepted_prediction_tokens': 0, 'audio_tokens': 0, 'reasoning_tokens': 0, 'rejected_prediction_tokens': 0}, 'prompt_tokens_details': {'audio_tokens': 0, 'cached_tokens': 0}}, 'model_name': 'gpt-4o-mini-2024-07-18', 'system_fingerprint': 'fp_560af6e559', 'finish_reason': 'stop', 'logprobs': None}, 'type': 'ai', 'name': None, 'id': 'run-5cc61013-29a9-428f-b27d-3820a74e21e4-0', 'example': False, 'tool_calls': [], 'invalid_tool_calls': [], 'usage_metadata': {'input_tokens': 65, 'output_tokens': 196, 'total_tokens': 261}}
2025-08-27-20-07-42|ARTICLE_WRITER|EXPANDER|gpt-4o-mini|0|La neuroscience derrière la prise de décision des agents d'IA|4.00|{'content': "La neuroscience derrière la prise de décision des agents d'IA est un domaine fascinant qui explore comment les systèmes d'intelligence artificielle imitent, ou s'inspirent, des mécanismes cognitifs humains. En s'appuyant sur des principes issus de la neuroscience, les chercheurs cherchent à comprendre comment les agents d'IA peuvent traiter des informations, évaluer des options et prendre des décisions de manière efficace. Cela inclut l'analyse des réseaux neuronaux artificiels, qui simulent les connexions synaptiques du cerveau humain, permettant ainsi aux machines d'apprendre de leurs expériences. Ce champ d'étude soulève également des questions éthiques sur la responsabilité et la transparence des décisions prises par ces agents autonomes, rendant la recherche encore plus cruciale dans notre société technologique en constante évolution.", 'additional_kwargs': {'refusal': None}, 'response_metadata': {'token_usage': {'completion_tokens': 164, 'prompt_tokens': 60, 'total_tokens': 224, 'completion_tokens_details': {'accepted_prediction_tokens': 0, 'audio_tokens': 0, 'reasoning_tokens': 0, 'rejected_prediction_tokens': 0}, 'prompt_tokens_details': {'audio_tokens': 0, 'cached_tokens': 0}}, 'model_name': 'gpt-4o-mini-2024-07-18', 'system_fingerprint': 'fp_560af6e559', 'finish_reason': 'stop', 'logprobs': None}, 'type': 'ai', 'name': None, 'id': 'run-955e532f-d59b-4293-9bbb-342f188ab129-0', 'example': False, 'tool_calls': [], 'invalid_tool_calls': [], 'usage_metadata': {'input_tokens': 60, 'output_tokens': 164, 'total_tokens': 224}}
2025-08-27-20-07-58|ARTICLE_WRITER|EXPANDER|gpt-4o-mini|0|Agents IA dans l'informatique en périphérie : Traitement à la source|3.58|{'content': "Les agents intelligents (IA) dans l'informatique en périphérie jouent un rôle crucial dans le traitement des données à la source. En exploitant la puissance de l'intelligence artificielle, ces agents permettent d'analyser et de traiter les informations directement sur les appareils périphériques, réduisant ainsi la latence et la bande passante nécessaire pour envoyer des données vers des serveurs centraux. Cette approche est particulièrement bénéfique dans des domaines tels que l'Internet des objets (IoT), où des millions de dispositifs génèrent continuellement des données. En intégrant des algorithmes d'IA, les agents peuvent prendre des décisions en temps réel, améliorant ainsi l'efficacité opérationnelle et permettant une réponse rapide aux événements. Ce traitement à la source favorise également une meilleure sécurité des données, car moins d'informations sensibles sont transférées sur le réseau.", 'additional_kwargs': {'refusal': None}, 'response_metadata': {'token_usage': {'completion_tokens': 176, 'prompt_tokens': 64, 'total_tokens': 240, 'completion_tokens_details': {'accepted_prediction_tokens': 0, 'audio_tokens': 0, 'reasoning_tokens': 0, 'rejected_prediction_tokens': 0}, 'prompt_tokens_details': {'audio_tokens': 0, 'cached_tokens': 0}}, 'model_name': 'gpt-4o-mini-2024-07-18', 'system_fingerprint': 'fp_560af6e559', 'finish_reason': 'stop', 'logprobs': None}, 'type': 'ai', 'name': None, 'id': 'run-79492151-fde6-42eb-ac20-a1ff3e1cfa09-0', 'example': False, 'tool_calls': [], 'invalid_tool_calls': [], 'usage_metadata': {'input_tokens': 64, 'output_tokens': 176, 'total_tokens': 240}}
2025-08-27-20-08-14|ARTICLE_WRITER|EXPANDER|gpt-4o-mini|0|Agents d'IA conversationnelle : Au-delà des questions et réponses|3.31|{'content': "Agents d'IA conversationnelle : Au-delà des questions et réponses\n\nLes agents d'intelligence artificielle conversationnelle ont évolué bien au-delà de simples outils de questions et réponses. Aujourd'hui, ils sont capables de comprendre et d'interpréter le langage naturel avec une précision remarquable. Ces agents peuvent engager des conversations fluides, offrir des recommandations personnalisées, et même anticiper les besoins des utilisateurs en analysant leurs comportements. En intégrant des éléments d'apprentissage automatique, ils s'améliorent continuellement, rendant l'interaction plus intuitive et humaine. De plus, leur application s'étend à divers domaines, tels que le service client, l'éducation et même la santé, transformant ainsi la manière dont nous interagissons avec la technologie au quotidien.", 'additional_kwargs': {'refusal': None}, 'response_metadata': {'token_usage': {'completion_tokens': 157, 'prompt_tokens': 61, 'total_tokens': 218, 'completion_tokens_details': {'accepted_prediction_tokens': 0, 'audio_tokens': 0, 'reasoning_tokens': 0, 'rejected_prediction_tokens': 0}, 'prompt_tokens_details': {'audio_tokens': 0, 'cached_tokens': 0}}, 'model_name': 'gpt-4o-mini-2024-07-18', 'system_fingerprint': 'fp_560af6e559', 'finish_reason': 'stop', 'logprobs': None}, 'type': 'ai', 'name': None, 'id': 'run-3cd888e2-93c0-4512-8d72-fd75ad3f2a32-0', 'example': False, 'tool_calls': [], 'invalid_tool_calls': [], 'usage_metadata': {'input_tokens': 61, 'output_tokens': 157, 'total_tokens': 218}}
2025-08-27-20-08-31|ARTICLE_WRITER|EXPANDER|gpt-4o-mini|0|Interopérabilité des agents IA : Faire fonctionner différents systèmes ensemble|3.42|{'content': "L'interopérabilité des agents d'intelligence artificielle (IA) est un enjeu crucial dans le développement technologique actuel. Elle permet à différents systèmes d'IA de communiquer et de collaborer efficacement, ce qui optimise leur performance et leur utilité dans divers domaines. En facilitant l'échange d'informations et de ressources entre ces systèmes, l'interopérabilité ouvre la voie à des solutions plus intégrées et cohérentes. Par exemple, dans des secteurs comme la santé, l'éducation ou la logistique, des agents IA interopérables peuvent travailler ensemble pour analyser des données complexes, améliorer la prise de décision et offrir des services personnalisés. Ainsi, promouvoir cette interopérabilité est essentiel pour maximiser le potentiel des technologies d'IA et répondre aux défis contemporains.", 'additional_kwargs': {'refusal': None}, 'response_metadata': {'token_usage': {'completion_tokens': 163, 'prompt_tokens': 61, 'total_tokens': 224, 'completion_tokens_details': {'accepted_prediction_tokens': 0, 'audio_tokens': 0, 'reasoning_tokens': 0, 'rejected_prediction_tokens': 0}, 'prompt_tokens_details': {'audio_tokens': 0, 'cached_tokens': 0}}, 'model_name': 'gpt-4o-mini-2024-07-18', 'system_fingerprint': 'fp_560af6e559', 'finish_reason': 'stop', 'logprobs': None}, 'type': 'ai', 'name': None, 'id': 'run-eddfb891-fe04-4223-8a18-7133d40afa89-0', 'example': False, 'tool_calls': [], 'invalid_tool_calls': [], 'usage_metadata': {'input_tokens': 61, 'output_tokens': 163, 'total_tokens': 224}}
2025-08-27-20-08-47|ARTICLE_WRITER|EXPANDER|gpt-4o-mini|0|L'impact environnemental de l'infrastructure des agents d'IA|3.60|{'content': "L'impact environnemental de l'infrastructure des agents d'IA est un sujet de plus en plus préoccupant dans le contexte actuel de changement climatique et de durabilité. Les centres de données, qui hébergent ces systèmes d'intelligence artificielle, consomment une quantité considérable d'énergie, souvent provenant de sources non renouvelables. Cette consommation énergétique contribue à l'empreinte carbone globale, exacerbant ainsi les problèmes environnementaux. De plus, le refroidissement nécessaire pour maintenir ces infrastructures opérationnelles nécessite également des ressources importantes en eau et en énergie. Pour atténuer ces effets, il est crucial d'explorer des solutions durables, telles que l'utilisation d'énergies renouvelables et l'optimisation des algorithmes pour réduire la puissance de calcul requise. En adoptant des pratiques plus responsables, l'industrie de l'IA peut contribuer à un avenir plus durable tout en continuant à innover.", 'additional_kwargs': {'refusal': None}, 'response_metadata': {'token_usage': {'completion_tokens': 188, 'prompt_tokens': 62, 'total_tokens': 250, 'completion_tokens_details': {'accepted_prediction_tokens': 0, 'audio_tokens': 0, 'reasoning_tokens': 0, 'rejected_prediction_tokens': 0}, 'prompt_tokens_details': {'audio_tokens': 0, 'cached_tokens': 0}}, 'model_name': 'gpt-4o-mini-2024-07-18', 'system_fingerprint': 'fp_51db84afab', 'finish_reason': 'stop', 'logprobs': None}, 'type': 'ai', 'name': None, 'id': 'run-c3b2d6aa-52a5-4cb2-8583-e359f8bee9b6-0', 'example': False, 'tool_calls': [], 'invalid_tool_calls': [], 'usage_metadata': {'input_tokens': 62, 'output_tokens': 188, 'total_tokens': 250}}
2025-08-27-20-09-03|ARTICLE_WRITER|EXPANDER|gpt-4o-mini|0|Agents IA et Créativité Humaine : Collaboration, Pas Compétition|3.51|{'content': "Agents IA et Créativité Humaine : Collaboration, Pas Compétition\n\nDans un monde de plus en plus dominé par l'intelligence artificielle, il est essentiel de reconnaître que la véritable synergie réside dans la collaboration entre les agents IA et la créativité humaine. Plutôt que de voir l'IA comme une menace à nos capacités créatives, nous devrions l'envisager comme un outil puissant qui peut enrichir notre processus créatif. Les artistes, écrivains et innovateurs peuvent tirer parti de l'IA pour générer des idées nouvelles, affiner leurs œuvres et explorer des terrains inexplorés. En unissant la logique analytique des machines avec l'intuition humaine, nous pouvons créer des œuvres qui transcendent les limites de l'imagination. Cette alliance prometteuse ouvre la voie à une ère de créativité sans précédent, où l'homme et la machine travaillent main dans la main pour repousser les frontières de l'art et de l'innovation.", 'additional_kwargs': {'refusal': None}, 'response_metadata': {'token_usage': {'completion_tokens': 202, 'prompt_tokens': 63, 'total_tokens': 265, 'completion_tokens_details': {'accepted_prediction_tokens': 0, 'audio_tokens': 0, 'reasoning_tokens': 0, 'rejected_prediction_tokens': 0}, 'prompt_tokens_details': {'audio_tokens': 0, 'cached_tokens': 0}}, 'model_name': 'gpt-4o-mini-2024-07-18', 'system_fingerprint': 'fp_560af6e559', 'finish_reason': 'stop', 'logprobs': None}, 'type': 'ai', 'name': None, 'id': 'run-aae714e8-bdd3-4f29-adca-eeede057af1a-0', 'example': False, 'tool_calls': [], 'invalid_tool_calls': [], 'usage_metadata': {'input_tokens': 63, 'output_tokens': 202, 'total_tokens': 265}}
