2025-08-27-20-01-06|ARTICLE_WRITER|PUBLISHER|gpt-4o-mini|0.5|Building Your First AI Agent: A Step-by-Step Guide...|can_be_posted='no' meets_word_count='no' is_not_sensationalistic='yes' is_correct_language='no'|6|28|1.05
2025-08-27-20-01-10|ARTICLE_WRITER|PUBLISHER|gpt-4o-mini|0.5|Construire votre premier agent IA : Un guide étape par étape...|can_be_posted='no' meets_word_count='no' is_not_sensationalistic='yes' is_correct_language='yes'|6|28|1.27
2025-08-27-20-01-20|ARTICLE_WRITER|PUBLISHER|gpt-4o-mini|0.5|Construire votre premier agent IA : Un guide étape par étape

Créer un agen...|can_be_posted='yes' meets_word_count='yes' is_not_sensationalistic='yes' is_correct_language='yes'|6|28|2.63
2025-08-27-20-01-24|ARTICLE_WRITER|PUBLISHER|gpt-4o-mini|0.5|Why AI Agents Will Replace Traditional Software...|can_be_posted='no' meets_word_count='no' is_not_sensationalistic='yes' is_correct_language='no'|6|28|1.06
2025-08-27-20-01-28|ARTICLE_WRITER|PUBLISHER|gpt-4o-mini|0.5|Pourquoi les agents d'IA remplaceront les logiciels traditionnels...|can_be_posted='no' meets_word_count='no' is_not_sensationalistic='yes' is_correct_language='yes'|6|28|1.06
2025-08-27-20-01-39|ARTICLE_WRITER|PUBLISHER|gpt-4o-mini|0.5|Pourquoi les agents d'IA remplaceront les logiciels traditionnels

L'émerge...|can_be_posted='yes' meets_word_count='yes' is_not_sensationalistic='yes' is_correct_language='yes'|6|28|6.45
2025-08-27-20-01-44|ARTICLE_WRITER|PUBLISHER|gpt-4o-mini|0.5|The Ethics of Autonomous AI Decision-Making...|can_be_posted='no' meets_word_count='no' is_not_sensationalistic='yes' is_correct_language='no'|6|28|1.26
2025-08-27-20-01-48|ARTICLE_WRITER|PUBLISHER|gpt-4o-mini|0.5|L'éthique de la prise de décision autonome par l'IA...|can_be_posted='no' meets_word_count='no' is_not_sensationalistic='yes' is_correct_language='yes'|6|28|1.33
2025-08-27-20-01-53|ARTICLE_WRITER|PUBLISHER|gpt-4o-mini|0.5|L'éthique de la prise de décision autonome par l'IA est un sujet de plus en...|can_be_posted='yes' meets_word_count='yes' is_not_sensationalistic='yes' is_correct_language='yes'|6|28|1.09
2025-08-27-20-01-58|ARTICLE_WRITER|PUBLISHER|gpt-4o-mini|0.5|Multi-Agent Systems: When AI Agents Work Together...|can_be_posted='no' meets_word_count='no' is_not_sensationalistic='yes' is_correct_language='no'|6|28|1.04
2025-08-27-20-02-01|ARTICLE_WRITER|PUBLISHER|gpt-4o-mini|0.5|Systèmes Multi-Agents : Quand les Agents IA Travaillent Ensemble...|can_be_posted='no' meets_word_count='no' is_not_sensationalistic='yes' is_correct_language='yes'|6|28|0.99
2025-08-27-20-02-08|ARTICLE_WRITER|PUBLISHER|gpt-4o-mini|0.5|Systèmes Multi-Agents : Quand les Agents IA Travaillent Ensemble

Les systè...|can_be_posted='yes' meets_word_count='yes' is_not_sensationalistic='yes' is_correct_language='yes'|6|28|1.96
2025-08-27-20-02-12|ARTICLE_WRITER|PUBLISHER|gpt-4o-mini|0.5|From Chatbots to AI Agents: The Evolution of Conversational AI...|can_be_posted='no' meets_word_count='no' is_not_sensationalistic='yes' is_correct_language='no'|6|28|1.20
2025-08-27-20-02-16|ARTICLE_WRITER|PUBLISHER|gpt-4o-mini|0.5|Des chatbots aux agents IA : L'évolution de l'IA conversationnelle...|can_be_posted='no' meets_word_count='no' is_not_sensationalistic='yes' is_correct_language='yes'|6|28|1.13
2025-08-27-20-02-22|ARTICLE_WRITER|PUBLISHER|gpt-4o-mini|0.5|Des chatbots aux agents IA : L'évolution de l'IA conversationnelle

L'intel...|can_be_posted='yes' meets_word_count='yes' is_not_sensationalistic='yes' is_correct_language='yes'|6|28|1.11
2025-08-27-20-02-26|ARTICLE_WRITER|PUBLISHER|gpt-4o-mini|0.5|AI Agent Security: Protecting Against Prompt Injection Attacks...|can_be_posted='no' meets_word_count='no' is_not_sensationalistic='yes' is_correct_language='no'|6|28|1.02
2025-08-27-20-02-32|ARTICLE_WRITER|PUBLISHER|gpt-4o-mini|0.5|Sécurité des agents d'IA : Protéger contre les attaques par injection de pr...|can_be_posted='no' meets_word_count='no' is_not_sensationalistic='yes' is_correct_language='yes'|6|28|1.17
2025-08-27-20-02-36|ARTICLE_WRITER|PUBLISHER|gpt-4o-mini|0.5|La sécurité des agents d'intelligence artificielle (IA) est un enjeu crucia...|can_be_posted='yes' meets_word_count='yes' is_not_sensationalistic='yes' is_correct_language='yes'|6|28|1.05
2025-08-27-20-02-41|ARTICLE_WRITER|PUBLISHER|gpt-4o-mini|0.5|The Future of Work: How AI Agents Will Transform Industries...|can_be_posted='no' meets_word_count='no' is_not_sensationalistic='yes' is_correct_language='no'|6|28|1.07
2025-08-27-20-02-46|ARTICLE_WRITER|PUBLISHER|gpt-4o-mini|0.5|L'avenir du travail : Comment les agents d'IA transformeront les industries...|can_be_posted='no' meets_word_count='no' is_not_sensationalistic='yes' is_correct_language='yes'|6|28|1.22
2025-08-27-20-02-52|ARTICLE_WRITER|PUBLISHER|gpt-4o-mini|0.5|L'avenir du travail : Comment les agents d'IA transformeront les industries...|can_be_posted='yes' meets_word_count='yes' is_not_sensationalistic='yes' is_correct_language='yes'|6|28|1.08
2025-08-27-20-02-56|ARTICLE_WRITER|PUBLISHER|gpt-4o-mini|0.5|Training AI Agents with Reinforcement Learning...|can_be_posted='no' meets_word_count='no' is_not_sensationalistic='yes' is_correct_language='no'|6|28|1.04
2025-08-27-20-03-00|ARTICLE_WRITER|PUBLISHER|gpt-4o-mini|0.5|Former des agents d'IA avec l'apprentissage par renforcement...|can_be_posted='no' meets_word_count='no' is_not_sensationalistic='yes' is_correct_language='yes'|6|28|1.06
2025-08-27-20-03-08|ARTICLE_WRITER|PUBLISHER|gpt-4o-mini|0.5|L'apprentissage par renforcement est une méthode d'entraînement qui permet ...|can_be_posted='yes' meets_word_count='yes' is_not_sensationalistic='yes' is_correct_language='yes'|6|28|1.21
2025-08-27-20-03-13|ARTICLE_WRITER|PUBLISHER|gpt-4o-mini|0.5|AI Agent Memory Systems: Making Machines Remember...|can_be_posted='no' meets_word_count='no' is_not_sensationalistic='yes' is_correct_language='no'|6|28|1.09
2025-08-27-20-03-17|ARTICLE_WRITER|PUBLISHER|gpt-4o-mini|0.5|Systèmes de Mémoire des Agents IA : Faire en Sorte que les Machines se Souv...|can_be_posted='no' meets_word_count='no' is_not_sensationalistic='yes' is_correct_language='yes'|6|28|1.12
2025-08-27-20-03-22|ARTICLE_WRITER|PUBLISHER|gpt-4o-mini|0.5|Les systèmes de mémoire des agents d'intelligence artificielle (IA) jouent ...|can_be_posted='yes' meets_word_count='yes' is_not_sensationalistic='yes' is_correct_language='yes'|6|28|1.09
2025-08-27-20-03-27|ARTICLE_WRITER|PUBLISHER|gpt-4o-mini|0.5|Swarm Intelligence: What Ant Colonies Teach Us About AI...|can_be_posted='no' meets_word_count='no' is_not_sensationalistic='yes' is_correct_language='no'|6|28|1.48
2025-08-27-20-03-32|ARTICLE_WRITER|PUBLISHER|gpt-4o-mini|0.5|Intelligence Collective : Ce que les colonies de fourmis nous apprennent su...|can_be_posted='no' meets_word_count='no' is_not_sensationalistic='yes' is_correct_language='yes'|6|28|1.25
2025-08-27-20-03-39|ARTICLE_WRITER|PUBLISHER|gpt-4o-mini|0.5|Intelligence Collective : Ce que les colonies de fourmis nous apprennent su...|can_be_posted='yes' meets_word_count='yes' is_not_sensationalistic='yes' is_correct_language='yes'|6|28|1.21
2025-08-27-20-03-43|ARTICLE_WRITER|PUBLISHER|gpt-4o-mini|0.5|Building Trustworthy AI Agents for Healthcare...|can_be_posted='no' meets_word_count='no' is_not_sensationalistic='yes' is_correct_language='no'|6|28|1.31
2025-08-27-20-03-47|ARTICLE_WRITER|PUBLISHER|gpt-4o-mini|0.5|Construire des agents d'IA fiables pour la santé...|can_be_posted='no' meets_word_count='no' is_not_sensationalistic='yes' is_correct_language='yes'|6|28|1.03
2025-08-27-20-03-53|ARTICLE_WRITER|PUBLISHER|gpt-4o-mini|0.5|Construire des agents d'IA fiables pour la santé est devenu une priorité in...|can_be_posted='yes' meets_word_count='yes' is_not_sensationalistic='yes' is_correct_language='yes'|6|28|1.83
2025-08-27-20-03-58|ARTICLE_WRITER|PUBLISHER|gpt-4o-mini|0.5|The Economics of AI Agents: Cost vs. Human Labor...|can_be_posted='no' meets_word_count='no' is_not_sensationalistic='yes' is_correct_language='no'|6|28|1.14
2025-08-27-20-04-02|ARTICLE_WRITER|PUBLISHER|gpt-4o-mini|0.5|L'économie des agents d'IA : Coût vs. Travail humain...|can_be_posted='no' meets_word_count='no' is_not_sensationalistic='yes' is_correct_language='yes'|6|28|1.13
2025-08-27-20-04-11|ARTICLE_WRITER|PUBLISHER|gpt-4o-mini|0.5|L'économie des agents d'IA : Coût vs. Travail humain

L'essor des agents d'...|can_be_posted='yes' meets_word_count='yes' is_not_sensationalistic='yes' is_correct_language='yes'|6|28|1.53
2025-08-27-20-04-16|ARTICLE_WRITER|PUBLISHER|gpt-4o-mini|0.5|AI Agents in Gaming: Creating Intelligent NPCs...|can_be_posted='no' meets_word_count='no' is_not_sensationalistic='yes' is_correct_language='no'|6|28|1.57
2025-08-27-20-04-21|ARTICLE_WRITER|PUBLISHER|gpt-4o-mini|0.5|Agents IA dans les jeux vidéo : Créer des PNJ intelligents...|can_be_posted='no' meets_word_count='no' is_not_sensationalistic='yes' is_correct_language='yes'|6|28|1.49
2025-08-27-20-04-32|ARTICLE_WRITER|PUBLISHER|gpt-4o-mini|0.5|Les agents intelligents (IA) dans les jeux vidéo jouent un rôle crucial dan...|can_be_posted='yes' meets_word_count='yes' is_not_sensationalistic='yes' is_correct_language='yes'|6|28|1.28
2025-08-27-20-04-36|ARTICLE_WRITER|PUBLISHER|gpt-4o-mini|0.5|Debugging AI Agent Behavior: Tools and Techniques...|can_be_posted='no' meets_word_count='no' is_not_sensationalistic='yes' is_correct_language='no'|6|28|1.20
2025-08-27-20-04-40|ARTICLE_WRITER|PUBLISHER|gpt-4o-mini|0.5|Débogage du Comportement des Agents IA : Outils et Techniques...|can_be_posted='no' meets_word_count='no' is_not_sensationalistic='yes' is_correct_language='yes'|6|28|1.03
2025-08-27-20-04-46|ARTICLE_WRITER|PUBLISHER|gpt-4o-mini|0.5|Débogage du Comportement des Agents IA : Outils et Techniques

Le débogage ...|can_be_posted='yes' meets_word_count='yes' is_not_sensationalistic='yes' is_correct_language='yes'|6|28|1.24
2025-08-27-20-04-50|ARTICLE_WRITER|PUBLISHER|gpt-4o-mini|0.5|AI Agent Orchestration: Managing Complex Workflows...|can_be_posted='no' meets_word_count='no' is_not_sensationalistic='yes' is_correct_language='no'|6|28|1.21
2025-08-27-20-04-54|ARTICLE_WRITER|PUBLISHER|gpt-4o-mini|0.5|Orchestration des agents IA : Gestion des flux de travail complexes...|can_be_posted='no' meets_word_count='no' is_not_sensationalistic='yes' is_correct_language='yes'|6|28|1.13
2025-08-27-20-05-00|ARTICLE_WRITER|PUBLISHER|gpt-4o-mini|0.5|L'orchestration des agents d'intelligence artificielle (IA) est un domaine ...|can_be_posted='yes' meets_word_count='yes' is_not_sensationalistic='yes' is_correct_language='yes'|6|28|1.49
2025-08-27-20-05-05|ARTICLE_WRITER|PUBLISHER|gpt-4o-mini|0.5|Natural Language Processing for AI Agent Communication...|can_be_posted='no' meets_word_count='no' is_not_sensationalistic='yes' is_correct_language='no'|6|28|1.25
2025-08-27-20-05-09|ARTICLE_WRITER|PUBLISHER|gpt-4o-mini|0.5|Traitement du langage naturel pour la communication des agents IA...|can_be_posted='no' meets_word_count='no' is_not_sensationalistic='yes' is_correct_language='yes'|6|28|1.10
2025-08-27-20-05-15|ARTICLE_WRITER|PUBLISHER|gpt-4o-mini|0.5|Le traitement du langage naturel (TLN) joue un rôle crucial dans la communi...|can_be_posted='yes' meets_word_count='yes' is_not_sensationalistic='yes' is_correct_language='yes'|6|28|1.47
2025-08-27-20-05-19|ARTICLE_WRITER|PUBLISHER|gpt-4o-mini|0.5|AI Agents and Privacy: Balancing Personalization with Protection...|can_be_posted='no' meets_word_count='no' is_not_sensationalistic='yes' is_correct_language='no'|6|28|1.02
2025-08-27-20-05-24|ARTICLE_WRITER|PUBLISHER|gpt-4o-mini|0.5|Agents IA et Confidentialité : Équilibrer Personnalisation et Protection...|can_be_posted='no' meets_word_count='no' is_not_sensationalistic='yes' is_correct_language='yes'|6|28|1.16
2025-08-27-20-05-29|ARTICLE_WRITER|PUBLISHER|gpt-4o-mini|0.5|Agents IA et Confidentialité : Équilibrer Personnalisation et Protection

L...|can_be_posted='yes' meets_word_count='yes' is_not_sensationalistic='yes' is_correct_language='yes'|6|28|1.07
2025-08-27-20-05-35|ARTICLE_WRITER|PUBLISHER|gpt-4o-mini|0.5|Building Explainable AI Agents for Critical Applications...|can_be_posted='no' meets_word_count='no' is_not_sensationalistic='yes' is_correct_language='no'|6|28|1.48
2025-08-27-20-05-39|ARTICLE_WRITER|PUBLISHER|gpt-4o-mini|0.5|Construire des agents d'IA explicables pour des applications critiques...|can_be_posted='no' meets_word_count='no' is_not_sensationalistic='yes' is_correct_language='yes'|6|28|1.53
2025-08-27-20-05-48|ARTICLE_WRITER|PUBLISHER|gpt-4o-mini|0.5|Construire des agents d'IA explicables pour des applications critiques est ...|can_be_posted='yes' meets_word_count='yes' is_not_sensationalistic='yes' is_correct_language='yes'|6|28|1.31
2025-08-27-20-05-53|ARTICLE_WRITER|PUBLISHER|gpt-4o-mini|0.5|AI Agent Testing: Ensuring Reliability in Production...|can_be_posted='no' meets_word_count='no' is_not_sensationalistic='yes' is_correct_language='no'|6|28|1.03
2025-08-27-20-05-58|ARTICLE_WRITER|PUBLISHER|gpt-4o-mini|0.5|Test des agents IA : Assurer la fiabilité en production...|can_be_posted='no' meets_word_count='no' is_not_sensationalistic='yes' is_correct_language='yes'|6|28|1.05
2025-08-27-20-06-04|ARTICLE_WRITER|PUBLISHER|gpt-4o-mini|0.5|Test des agents IA : Assurer la fiabilité en production

Dans un monde de p...|can_be_posted='yes' meets_word_count='yes' is_not_sensationalistic='yes' is_correct_language='yes'|6|28|1.17
2025-08-27-20-06-09|ARTICLE_WRITER|PUBLISHER|gpt-4o-mini|0.5|The Role of AI Agents in Scientific Discovery...|can_be_posted='no' meets_word_count='no' is_not_sensationalistic='yes' is_correct_language='no'|6|28|1.33
2025-08-27-20-06-14|ARTICLE_WRITER|PUBLISHER|gpt-4o-mini|0.5|Le Rôle des Agents IA dans la Découverte Scientifique...|can_be_posted='no' meets_word_count='no' is_not_sensationalistic='yes' is_correct_language='yes'|6|28|1.10
2025-08-27-20-06-21|ARTICLE_WRITER|PUBLISHER|gpt-4o-mini|0.5|Le Rôle des Agents IA dans la Découverte Scientifique

Les agents d'intelli...|can_be_posted='yes' meets_word_count='yes' is_not_sensationalistic='yes' is_correct_language='yes'|6|28|1.03
2025-08-27-20-06-26|ARTICLE_WRITER|PUBLISHER|gpt-4o-mini|0.5|Democratizing AI: Making Agent Development Accessible...|can_be_posted='no' meets_word_count='no' is_not_sensationalistic='yes' is_correct_language='no'|6|28|1.26
2025-08-27-20-06-30|ARTICLE_WRITER|PUBLISHER|gpt-4o-mini|0.5|Démocratiser l'IA : Rendre le développement d'agents accessible...|can_be_posted='no' meets_word_count='no' is_not_sensationalistic='yes' is_correct_language='yes'|6|28|1.08
2025-08-27-20-06-38|ARTICLE_WRITER|PUBLISHER|gpt-4o-mini|0.5|Démocratiser l'IA : Rendre le développement d'agents accessible

L'intellig...|can_be_posted='yes' meets_word_count='yes' is_not_sensationalistic='yes' is_correct_language='yes'|6|28|1.68
2025-08-27-20-06-43|ARTICLE_WRITER|PUBLISHER|gpt-4o-mini|0.5|AI Agents and Creativity: Can Machines Be Truly Original?...|can_be_posted='no' meets_word_count='no' is_not_sensationalistic='yes' is_correct_language='no'|6|28|1.23
2025-08-27-20-06-48|ARTICLE_WRITER|PUBLISHER|gpt-4o-mini|0.5|Agents IA et Créativité : Les Machines Peuvent-elles Être Vraiment Original...|can_be_posted='no' meets_word_count='no' is_not_sensationalistic='yes' is_correct_language='yes'|6|28|1.09
2025-08-27-20-06-54|ARTICLE_WRITER|PUBLISHER|gpt-4o-mini|0.5|Agents IA et Créativité : Les Machines Peuvent-elles Être Vraiment Original...|can_be_posted='yes' meets_word_count='yes' is_not_sensationalistic='yes' is_correct_language='yes'|6|28|1.46
2025-08-27-20-06-59|ARTICLE_WRITER|PUBLISHER|gpt-4o-mini|0.5|Scaling AI Agent Deployments: Lessons from the Trenches...|can_be_posted='no' meets_word_count='no' is_not_sensationalistic='yes' is_correct_language='no'|6|28|1.17
2025-08-27-20-07-04|ARTICLE_WRITER|PUBLISHER|gpt-4o-mini|0.5|Déployer des agents d'IA à grande échelle : Leçons des tranchées...|can_be_posted='no' meets_word_count='no' is_not_sensationalistic='yes' is_correct_language='yes'|6|28|1.13
2025-08-27-20-07-10|ARTICLE_WRITER|PUBLISHER|gpt-4o-mini|0.5|Déployer des agents d'IA à grande échelle : Leçons des tranchées

Le déploi...|can_be_posted='yes' meets_word_count='yes' is_not_sensationalistic='yes' is_correct_language='yes'|6|28|1.25
2025-08-27-20-07-15|ARTICLE_WRITER|PUBLISHER|gpt-4o-mini|0.5|AI Agent Bias: Detection and Mitigation Strategies...|can_be_posted='no' meets_word_count='no' is_not_sensationalistic='yes' is_correct_language='no'|6|28|1.07
2025-08-27-20-07-20|ARTICLE_WRITER|PUBLISHER|gpt-4o-mini|0.5|Biais des agents d'IA : stratégies de détection et d'atténuation...|can_be_posted='no' meets_word_count='no' is_not_sensationalistic='yes' is_correct_language='yes'|6|28|1.12
2025-08-27-20-07-27|ARTICLE_WRITER|PUBLISHER|gpt-4o-mini|0.5|Biais des agents d'IA : stratégies de détection et d'atténuation

Les agent...|can_be_posted='yes' meets_word_count='yes' is_not_sensationalistic='yes' is_correct_language='yes'|6|28|1.13
2025-08-27-20-07-32|ARTICLE_WRITER|PUBLISHER|gpt-4o-mini|0.5|The Neuroscience Behind AI Agent Decision-Making...|can_be_posted='no' meets_word_count='no' is_not_sensationalistic='yes' is_correct_language='no'|6|28|1.06
2025-08-27-20-07-37|ARTICLE_WRITER|PUBLISHER|gpt-4o-mini|0.5|La neuroscience derrière la prise de décision des agents d'IA...|can_be_posted='no' meets_word_count='no' is_not_sensationalistic='yes' is_correct_language='yes'|6|28|1.36
2025-08-27-20-07-44|ARTICLE_WRITER|PUBLISHER|gpt-4o-mini|0.5|La neuroscience derrière la prise de décision des agents d'IA est un domain...|can_be_posted='yes' meets_word_count='yes' is_not_sensationalistic='yes' is_correct_language='yes'|6|28|1.23
2025-08-27-20-07-49|ARTICLE_WRITER|PUBLISHER|gpt-4o-mini|0.5|AI Agents in Edge Computing: Processing at the Source...|can_be_posted='no' meets_word_count='no' is_not_sensationalistic='yes' is_correct_language='no'|6|28|1.47
2025-08-27-20-07-53|ARTICLE_WRITER|PUBLISHER|gpt-4o-mini|0.5|Agents IA dans l'informatique en périphérie : Traitement à la source...|can_be_posted='no' meets_word_count='no' is_not_sensationalistic='yes' is_correct_language='yes'|6|28|1.20
2025-08-27-20-08-00|ARTICLE_WRITER|PUBLISHER|gpt-4o-mini|0.5|Les agents intelligents (IA) dans l'informatique en périphérie jouent un rô...|can_be_posted='yes' meets_word_count='yes' is_not_sensationalistic='yes' is_correct_language='yes'|6|28|1.16
2025-08-27-20-08-05|ARTICLE_WRITER|PUBLISHER|gpt-4o-mini|0.5|Conversational AI Agents: Beyond Question and Answer...|can_be_posted='no' meets_word_count='no' is_not_sensationalistic='yes' is_correct_language='no'|6|28|1.59
2025-08-27-20-08-10|ARTICLE_WRITER|PUBLISHER|gpt-4o-mini|0.5|Agents d'IA conversationnelle : Au-delà des questions et réponses...|can_be_posted='no' meets_word_count='no' is_not_sensationalistic='yes' is_correct_language='yes'|6|28|1.10
2025-08-27-20-08-16|ARTICLE_WRITER|PUBLISHER|gpt-4o-mini|0.5|Agents d'IA conversationnelle : Au-delà des questions et réponses

Les agen...|can_be_posted='yes' meets_word_count='yes' is_not_sensationalistic='yes' is_correct_language='yes'|6|28|1.38
2025-08-27-20-08-22|ARTICLE_WRITER|PUBLISHER|gpt-4o-mini|0.5|AI Agent Interoperability: Making Different Systems Work Together...|can_be_posted='no' meets_word_count='no' is_not_sensationalistic='yes' is_correct_language='no'|6|28|1.88
2025-08-27-20-08-26|ARTICLE_WRITER|PUBLISHER|gpt-4o-mini|0.5|Interopérabilité des agents IA : Faire fonctionner différents systèmes ense...|can_be_posted='no' meets_word_count='no' is_not_sensationalistic='yes' is_correct_language='yes'|6|28|1.11
2025-08-27-20-08-33|ARTICLE_WRITER|PUBLISHER|gpt-4o-mini|0.5|L'interopérabilité des agents d'intelligence artificielle (IA) est un enjeu...|can_be_posted='yes' meets_word_count='yes' is_not_sensationalistic='yes' is_correct_language='yes'|6|28|1.12
2025-08-27-20-08-38|ARTICLE_WRITER|PUBLISHER|gpt-4o-mini|0.5|The Environmental Impact of AI Agent Infrastructure...|can_be_posted='no' meets_word_count='no' is_not_sensationalistic='yes' is_correct_language='no'|6|28|1.14
2025-08-27-20-08-42|ARTICLE_WRITER|PUBLISHER|gpt-4o-mini|0.5|L'impact environnemental de l'infrastructure des agents d'IA...|can_be_posted='no' meets_word_count='no' is_not_sensationalistic='yes' is_correct_language='yes'|6|28|1.13
2025-08-27-20-08-49|ARTICLE_WRITER|PUBLISHER|gpt-4o-mini|0.5|L'impact environnemental de l'infrastructure des agents d'IA est un sujet d...|can_be_posted='yes' meets_word_count='yes' is_not_sensationalistic='yes' is_correct_language='yes'|6|28|1.17
2025-08-27-20-08-54|ARTICLE_WRITER|PUBLISHER|gpt-4o-mini|0.5|AI Agents and Human Creativity: Collaboration, Not Competition...|can_be_posted='no' meets_word_count='no' is_not_sensationalistic='yes' is_correct_language='no'|6|28|1.16
2025-08-27-20-08-59|ARTICLE_WRITER|PUBLISHER|gpt-4o-mini|0.5|Agents IA et Créativité Humaine : Collaboration, Pas Compétition...|can_be_posted='no' meets_word_count='no' is_not_sensationalistic='yes' is_correct_language='yes'|6|28|0.99
2025-08-27-20-09-05|ARTICLE_WRITER|PUBLISHER|gpt-4o-mini|0.5|Agents IA et Créativité Humaine : Collaboration, Pas Compétition

Dans un m...|can_be_posted='yes' meets_word_count='yes' is_not_sensationalistic='yes' is_correct_language='yes'|6|28|1.08
2025-08-29-12-27-29|ARTICLE_WRITER|PUBLISHER|gpt-4o-mini|0.5|Building Your First AI Agent: A Step-by-Step Guide...|can_be_posted='no' meets_word_count='no' is_not_sensationalistic='yes' is_correct_language='no'|6|28|1.47
2025-08-29-12-27-41|ARTICLE_WRITER|PUBLISHER|gpt-4o-mini|0.5|Construire votre premier agent IA : un guide étape par étape...|can_be_posted='no' meets_word_count='no' is_not_sensationalistic='yes' is_correct_language='yes'|6|28|7.93
2025-08-29-12-27-46|ARTICLE_WRITER|PUBLISHER|gpt-4o-mini|0.5|Construire votre premier agent IA : un guide étape par étape

Créer un agen...|can_be_posted='yes' meets_word_count='yes' is_not_sensationalistic='yes' is_correct_language='yes'|6|28|1.04
