id,document,metadata
13be09b0-32dc-4138-b9c5-213b2c7cc369,"Artificial intelligence is transforming how businesses operate across industries, fundamentally reshaping traditional workflows and decision-making processes. Companies are increasingly adopting AI-powered solutions to automate routine tasks, enhance customer experiences, and gain competitive advantages in rapidly evolving markets. Machine learning algorithms analyze vast datasets to identify patterns and trends that human analysts might miss, enabling more informed strategic planning and resource allocation. From predictive maintenance in manufacturing to personalized recommendations in e-commerce, AI applications are driving efficiency gains and cost reductions across diverse sectors. Financial institutions leverage AI for fraud detection and risk assessment, while healthcare organizations use intelligent systems for diagnostic imaging and drug discovery. The integration of natural language processing and computer vision technologies has revolutionized customer service through chatbots and automated support systems. However, this technological transformation also presents challenges, including workforce displacement concerns, ethical considerations around algorithmic bias, and the need for substantial investments in digital infrastructure. Organizations must carefully balance automation benefits with human oversight to ensure responsible AI deployment. As AI capabilities continue to advance, businesses that successfully integrate these technologies while addressing associated risks will likely maintain significant competitive advantages in the digital economy.","{""source"": ""research_paper"", ""author"": ""Dr. Alex Johnson"", ""year"": 2023, ""keywords_str"": ""AI, business, transformation""}"
4efc1ca9-b326-413b-a316-a935ae959815,"Climate change poses significant risks to global food security and agricultural systems, threatening the livelihoods of billions of people worldwide and challenging the fundamental stability of food production networks. Rising temperatures, altered precipitation patterns, and increased frequency of extreme weather events are disrupting traditional farming practices and crop yields across different geographic regions. Agricultural communities face unprecedented challenges as changing climate conditions affect soil quality, water availability, and pest populations, forcing farmers to adapt their cultivation methods and crop selections. Developing nations are particularly vulnerable to these impacts, as their agricultural sectors often lack the resources and technology needed for rapid adaptation to changing environmental conditions. Food price volatility has increased as supply chains become more susceptible to climate-related disruptions, affecting global markets and food accessibility for vulnerable populations. Scientists and agricultural experts are developing climate-resilient crop varieties, implementing sustainable farming practices, and creating early warning systems to help communities prepare for climate-related challenges. International cooperation and investment in agricultural research, infrastructure development, and technology transfer are essential for building resilient food systems capable of feeding a growing global population while mitigating environmental impacts. The urgency of addressing climate change's agricultural impacts cannot be overstated, as food security represents a fundamental human need and economic stability factor.","{""source"": ""journal_article"", ""author"": ""Maria Rodriguez"", ""year"": 2022, ""keywords_str"": ""climate change, food security, agriculture""}"
a59b45c6-693b-4e62-84dd-676819493a80,"Quantum computing may revolutionize cryptography and threaten current encryption standards, fundamentally altering the landscape of digital security and information protection systems worldwide. Traditional encryption methods that have secured communications, financial transactions, and sensitive data for decades could become vulnerable to quantum algorithms capable of solving complex mathematical problems exponentially faster than classical computers. The development of quantum computers with sufficient stability and processing power represents both an unprecedented opportunity for scientific advancement and a significant security challenge for governments, corporations, and individuals who rely on current cryptographic protocols. Researchers are racing to develop quantum-resistant encryption algorithms that can withstand attacks from both classical and quantum computing systems, ensuring long-term data security in a post-quantum world. Organizations must begin preparing for this transition by assessing their current cryptographic infrastructure, identifying vulnerable systems, and implementing quantum-safe security measures before widespread quantum computing becomes available to potential adversaries. The timeline for quantum computing threats remains uncertain, but cybersecurity experts recommend proactive measures to protect against future vulnerabilities. Financial institutions, healthcare organizations, and government agencies are particularly concerned about protecting sensitive information from quantum-enabled attacks. International standards organizations are working to establish quantum-resistant cryptographic protocols that will form the foundation of future digital security frameworks, ensuring continued protection of critical information systems.","{""source"": ""conference_paper"", ""author"": ""Dr. Sam Chen"", ""year"": 2023, ""keywords_str"": ""quantum computing, cryptography, encryption""}"
0e189f62-b806-42c1-94fe-7931b99728cb,"Renewable energy investments reached a record high in the past fiscal year, demonstrating unprecedented global commitment to sustainable energy transition and climate change mitigation efforts across developed and developing nations. Solar, wind, hydroelectric, and other clean energy technologies attracted billions of dollars in private and public funding, reflecting growing confidence in renewable energy's economic viability and long-term potential. Institutional investors, including pension funds, sovereign wealth funds, and major corporations, have significantly increased their renewable energy portfolios, recognizing both environmental benefits and attractive financial returns from clean energy projects. Government policies, including tax incentives, renewable energy mandates, and carbon pricing mechanisms, have created favorable investment environments that encourage private sector participation in sustainable energy development. Technological advances have dramatically reduced the costs of renewable energy systems, making them increasingly competitive with traditional fossil fuel alternatives in many markets worldwide. Energy storage solutions, smart grid technologies, and improved efficiency measures are addressing traditional challenges associated with renewable energy integration, making clean energy more reliable and accessible. The renewable energy sector has become a significant source of job creation, supporting economic growth while contributing to environmental sustainability goals. International cooperation and knowledge sharing have accelerated renewable energy deployment, with developing countries leapfrogging traditional energy infrastructure to embrace clean technologies. This investment surge signals a fundamental shift toward sustainable energy systems that will define the global economy's future trajectory.","{""source"": ""financial_report"", ""author"": ""Green Energy Institute"", ""year"": 2024, ""keywords_str"": ""renewable energy, investments, finance""}"
b102edeb-bc68-463f-9202-9f937d422adf,"Machine learning models can detect early signs of medical conditions from patient data, revolutionizing healthcare delivery and potentially saving countless lives through improved diagnostic accuracy and timely intervention strategies. Advanced algorithms analyze complex medical datasets, including imaging studies, laboratory results, electronic health records, and wearable device data, to identify subtle patterns that might escape human detection during routine clinical assessments. These intelligent systems excel at processing vast amounts of information simultaneously, enabling healthcare providers to make more informed decisions and develop personalized treatment plans tailored to individual patient needs and risk factors. Early detection capabilities are particularly valuable for conditions like cancer, cardiovascular disease, and neurological disorders, where prompt intervention significantly improves patient outcomes and survival rates. Machine learning applications in medical imaging have demonstrated remarkable success in detecting abnormalities in X-rays, MRIs, CT scans, and microscopic tissue samples with accuracy levels that often match or exceed experienced radiologists and pathologists. Predictive models help identify patients at high risk for developing complications, enabling proactive care management and resource allocation optimization. However, implementing machine learning in healthcare requires careful attention to data privacy, algorithmic bias, regulatory compliance, and integration with existing clinical workflows. Healthcare organizations must ensure that AI-assisted diagnosis tools complement rather than replace human clinical judgment, maintaining the essential doctor-patient relationship while leveraging technology to enhance care quality and accessibility.","{""source"": ""medical_journal"", ""author"": ""Dr. Lisa Brown"", ""year"": 2023, ""keywords_str"": ""machine learning, healthcare, diagnostics""}"
93b13827-6c22-4a7e-83db-6801579e882d,"Digital privacy concerns are increasing with the rise of facial recognition technology, sparking intense debates about surveillance, civil liberties, and the appropriate balance between security measures and individual privacy rights in modern society. Government agencies, law enforcement organizations, and private companies are rapidly deploying facial recognition systems for various purposes, including security monitoring, access control, identity verification, and commercial applications like targeted advertising and customer analytics. These technologies can identify individuals in real-time from camera feeds, creating comprehensive tracking capabilities that extend far beyond traditional surveillance methods and raising fundamental questions about anonymity in public spaces. Privacy advocates argue that widespread facial recognition deployment creates a surveillance state that chills free expression, peaceful assembly, and other constitutional rights, while supporters contend that these technologies enhance public safety and security by helping identify criminals and preventing terrorist attacks. Legal frameworks and regulatory standards are struggling to keep pace with technological advancement, leaving significant gaps in privacy protection and oversight mechanisms for facial recognition system deployment and use. Citizens increasingly demand transparency about when and how facial recognition technology is used, who has access to collected data, and what safeguards exist to prevent misuse or unauthorized access to biometric information. Some jurisdictions have implemented moratoriums or restrictions on facial recognition use, while others are developing comprehensive privacy legislation to address emerging technological challenges and protect citizen rights.","{""source"": ""tech_blog"", ""author"": ""Privacy Watch"", ""year"": 2023, ""keywords_str"": ""privacy, facial recognition, technology""}"
d2f46054-b9d9-4329-82c2-5ccd14655687,"Space exploration missions plan to establish a permanent lunar base within the decade, marking a historic milestone in human space exploration and opening unprecedented opportunities for scientific research, resource utilization, and future deep space missions to Mars and beyond. International space agencies, including NASA, ESA, and commercial partners, are collaborating on ambitious projects to develop the infrastructure, technology, and logistical capabilities necessary for sustained human presence on the Moon's surface. These lunar base initiatives represent significant technological challenges, requiring advanced life support systems, radiation shielding, sustainable energy generation, and reliable communication networks to support crew operations in the harsh lunar environment. The Moon's strategic location offers valuable advantages for deep space exploration, serving as a stepping stone for future Mars missions while providing opportunities to test technologies and procedures in a relatively accessible extraterrestrial environment. Lunar resource utilization, including water ice extraction for fuel production and rare earth element mining, could revolutionize space exploration economics and reduce dependence on Earth-based supply chains for future missions. Scientific research conducted on the lunar surface will advance our understanding of solar system formation, planetary geology, and fundamental physics in ways impossible on Earth. The establishment of permanent lunar bases will likely catalyze new industries, inspire international cooperation, and demonstrate humanity's capability to become a multi-planetary species while addressing existential risks and expanding human civilization beyond Earth.","{""source"": ""space_agency_report"", ""author"": ""International Space Consortium"", ""year"": 2024, ""keywords_str"": ""space exploration, lunar base, astronomy""}"
c86fd301-dfa8-4eae-8828-ef53e66a7563,"Blockchain technology is being applied to supply chain management to improve transparency, traceability, and accountability across complex global networks that connect producers, manufacturers, distributors, and consumers worldwide. Traditional supply chains often lack visibility into the origin, handling, and authenticity of products, creating opportunities for fraud, counterfeiting, and unethical labor practices that can damage brand reputation and consumer trust. Blockchain's immutable ledger system creates permanent, tamper-resistant records of every transaction and movement within the supply chain, enabling stakeholders to verify product authenticity, track environmental impact, and ensure compliance with labor standards and regulatory requirements. Companies are implementing blockchain solutions to combat counterfeit goods, particularly in industries like pharmaceuticals, luxury goods, and food products where authenticity and safety are paramount concerns for consumer protection and regulatory compliance. Smart contracts automate compliance verification and payment processes, reducing administrative overhead and eliminating opportunities for human error or manipulation in complex multi-party transactions. Consumers benefit from increased transparency by accessing detailed information about product origins, manufacturing processes, and ethical sourcing practices through blockchain-enabled platforms and mobile applications. However, successful blockchain implementation requires significant coordination among supply chain partners, standardization of data formats, and substantial investments in technology infrastructure and training. Environmental concerns about blockchain's energy consumption and scalability challenges for high-volume transactions remain important considerations for widespread adoption in global supply chain applications.","{""source"": ""industry_whitepaper"", ""author"": ""Tech Solutions Inc."", ""year"": 2023, ""keywords_str"": ""blockchain, supply chain, transparency""}"
44d96bdb-eabc-44b3-9ecd-c6dafe223bc1,"Urban planning strategies are adapting to accommodate autonomous vehicles, fundamentally reimagining city infrastructure, transportation networks, and land use patterns to optimize the benefits of self-driving technology while addressing potential challenges and unintended consequences. City planners and transportation engineers are redesigning road systems, parking facilities, and traffic management systems to support seamless integration of autonomous vehicles with existing transportation modes, including public transit, cycling, and pedestrian infrastructure. The widespread adoption of autonomous vehicles promises to reduce traffic congestion, lower accident rates, and improve mobility access for elderly and disabled populations who may face challenges with traditional transportation options. However, this technological transition also raises concerns about potential increases in vehicle miles traveled, urban sprawl, and impacts on public transportation ridership and funding sustainability. Smart city initiatives are incorporating autonomous vehicle capabilities into comprehensive urban planning frameworks that address housing, economic development, environmental sustainability, and social equity considerations. Planners must consider the implications of reduced parking demand, which could free up valuable urban land for housing, parks, and commercial development, while ensuring that autonomous vehicle benefits are accessible to all income levels and communities. Collaboration between technology companies, government agencies, and community stakeholders is essential for developing autonomous vehicle policies and infrastructure investments that support inclusive, sustainable urban development while maximizing the societal benefits of this transformative transportation technology.","{""source"": ""urban_studies_journal"", ""author"": ""City Planning Institute"", ""year"": 2023, ""keywords_str"": ""urban planning, autonomous vehicles, infrastructure""}"
bd77bfbe-3959-4659-ae05-953b29221c83,"Genetic editing techniques show promise for treating previously incurable diseases, offering hope to millions of patients worldwide who suffer from inherited disorders, cancer, and other conditions that have resisted traditional therapeutic approaches for generations. CRISPR-Cas9 and other advanced gene editing technologies enable precise modifications to DNA sequences, allowing scientists to correct genetic defects, enhance immune system responses, and develop personalized treatments tailored to individual patient genetics and disease characteristics. Clinical trials are demonstrating remarkable success in treating conditions like sickle cell disease, Duchenne muscular dystrophy, and certain types of cancer, with some patients experiencing complete remission after receiving genetically modified cell therapies. The potential applications of genetic editing extend beyond treating existing diseases to preventing hereditary conditions from being passed to future generations, raising important ethical questions about human enhancement and the appropriate limits of genetic intervention. Regulatory agencies are carefully evaluating the safety and efficacy of genetic editing therapies while developing frameworks to ensure responsible research and clinical application of these powerful technologies. Scientists emphasize the importance of rigorous testing, informed consent processes, and equitable access to genetic treatments to prevent these revolutionary therapies from exacerbating existing healthcare disparities. International collaboration and knowledge sharing are accelerating genetic editing research while establishing ethical guidelines and safety standards that protect patients and maintain public trust in genetic medicine's potential to transform healthcare delivery and outcomes.","{""source"": ""biotech_research"", ""author"": ""Dr. Emma Watson"", ""year"": 2024, ""keywords_str"": ""genetic editing, CRISPR, medical research""}"
