20299086-0ec5-4fc7-bbab-537c5097acf5|2025-08-11 17:47:56|TOOL_CALLING|gpt-4o-mini|0|I want to order food. It is 45 centigrade. Please tell me what food to order.|~TASTY_FOOD|order_food|
4c62a4b9-b5a9-4f4f-957e-8051fc257690|2025-08-11 17:48:29|TOOL_CALLING|gpt-4o-mini|0|What is 35 centigrade in fahrenheit? What is the label for this temperature? Please order food for this temperature.|95.0~HOT|convert_c_to_f:describe_fahrenheit_with_label|
24143d84-5662-4ff5-81b9-e3afea37f696|2025-08-11 17:49:37|TOOL_CALLING|gpt-4o-mini|0|It is COLD. What food do I order?|~TASTY_FOOD|order_food|
07517849-92cf-4b60-b551-d2e3a88ec8f4|2025-08-11 17:50:28|TOOL_CALLING|gpt-4o-mini|0|It is COLD. What food do I order?|~TASTY_FOOD|order_food|
9341f6df-284a-4cf9-ab76-0cdad9f023cc|2025-08-11 17:51:48|TOOL_CALLING|gpt-4o-mini|0|It is COLD. What food do I order?|~COLD_FOOD|order_food|
09bdccf2-8f0c-4ddb-9633-e3a97e405615|2025-08-11 17:52:07|TOOL_CALLING|gpt-4o-mini|0|It is HOT. What food do I order?|~HOT_FOOD|order_food|
9083327c-283d-4a4d-a0e0-f5f247b63972|2025-08-11 17:52:41|TOOL_CALLING|gpt-4o-mini|0|It is 45 centigrade. What food do I order?.|~NONE|describe_fahrenheit_with_label|
740b2522-f936-4229-b709-4f1036a5b154|2025-08-11 17:53:12|TOOL_CALLING|gpt-4o-mini|0|It is 45 centigrade. What is the label for this temperature? What food do I order?.|~NONE~HOT_FOOD|describe_fahrenheit_with_label:order_food|
7db1b5ac-dd55-4668-b8da-6b33926a5050|2025-08-11 17:55:42|TOOL_CALLING|gpt-4o-mini|0|It is 45 centigrade. Calculate the temperature in fahrenheit. What is the label for this temperature? What food do I order?.|113.0~NONE|convert_c_to_f:describe_fahrenheit_with_label|
11f88a63-1fb5-4c9d-bc05-ba6b3af31f92|2025-08-11 17:56:47|TOOL_CALLING|gpt-4o-mini|0|It is 45 centigrade. Calculate the temperature in fahrenheit. What is the label for this temperature? What food do I order?.|113.0~NONE|convert_c_to_f:describe_fahrenheit_with_label|
7d527154-a70f-43ff-8f1d-12f28973a6da|2025-08-11 17:57:14|TOOL_CALLING|gpt-4o-mini|0|What is 35 centigrade in fahrenheit? What is the label for this temperature? Please order food for this temperature.|95.0~HOT|convert_c_to_f:describe_fahrenheit_with_label|
e085260f-7995-4062-b038-1597454ff7e5|2025-08-11 17:57:49|TOOL_CALLING|gpt-4o-mini|0|It is HOT. What food do I order?|~HOT_FOOD|order_food|
a9e59a99-126c-42e5-bd23-4273f0e00045|2025-08-11 17:58:26|TOOL_CALLING|gpt-4o-mini|0|It is HOT. What food do I order? It is 45 centigrade. Calculate the temperature in fahrenheit. What is the label for this temperature?|113.0~NONE|convert_c_to_f:describe_fahrenheit_with_label|
61f16a12-6923-4f1b-a66b-d262d5c2e836|2025-08-11 17:58:55|TOOL_CALLING|gpt-4o-mini|0|It is HOT. What food do I order?|~HOT_FOOD|order_food|
af9f0f24-2181-4921-a543-9172bc8f3231|2025-08-11 17:59:31|TOOL_CALLING|gpt-4o-mini|0|what is the weather in munich? It is HOT. What food do I order?|-It's 10 degrees Celsius and cold.~HOT_FOOD|get_weather:order_food|
bb93c2e5-697c-4d0d-b871-dd58e021e057|2025-08-11 18:00:30|TOOL_CALLING|gpt-4o-mini|0|what is the weather in munich? It is HOT. What food do I order? What is 45 centigrade in fahrenheit?|-It's 10 degrees Celsius and cold.~HOT_FOOD113.0|get_weather:order_food:convert_c_to_f|
de37fa21-415c-4942-bbc4-f714674b233f|2025-08-11 18:01:05|TOOL_CALLING|gpt-4o-mini|0|what is the weather in munich? It is HOT. What food do I order? What is 45 centigrade in fahrenheit?What is 45 C as a label?|-It's 10 degrees Celsius and cold.~HOT_FOOD113.0~NONE|get_weather:order_food:convert_c_to_f:describe_fahrenheit_with_label|
8be2312e-ba9c-40b0-bcfe-135762862c69|2025-08-11 18:02:42|TOOL_CALLING|gpt-4o-mini|0|what is the weather in munich? It is HOT. What food do I order? What is 45 centigrade in fahrenheit?What is 45 C as a label?|~It's 10 degrees Celsius and cold.~HOT_FOOD~113.0~NONE|get_weather:order_food:convert_c_to_f:describe_fahrenheit_with_label|
a68b7dd6-b5a8-4f33-83a4-6ae30ae2dd3a|2025-08-11 18:03:31|TOOL_CALLING|gpt-4o-mini|0|what is the weather in munich? It is HOT. What food do I order? What is 45 centigrade in fahrenheit?What is 120F as a label?|~It's 10 degrees Celsius and cold.~HOT_FOOD~113.0~NONE|get_weather:order_food:convert_c_to_f:describe_fahrenheit_with_label|
b71ec8f6-50aa-4d42-8c4b-42e7dda913e5|2025-08-11 18:04:51|TOOL_CALLING|gpt-4o-mini|0|what is the weather in munich? It is HOT. What food do I order? What is 45 centigrade in fahrenheit?Describe 115F.|~It's 10 degrees Celsius and cold.~HOT_FOOD~113.0~ULTRA_HOT|get_weather:order_food:convert_c_to_f:describe_fahrenheit_with_label|
e2e3fa3a-982a-43a7-bd3a-2f21da43bf02|2025-08-11 18:05:35|TOOL_CALLING|gpt-4o-mini|0|what is the weather in munich? It is HOT. What food do I order? What is 45 centigrade in fahrenheit?Describe 45C.|~It's 10 degrees Celsius and cold.~113.0~ULTRA_HOT|get_weather:convert_c_to_f:describe_fahrenheit_with_label|
b04c9ef5-ba23-41d9-a8f9-27ca7e2e1c58|2025-08-11 18:06:29|TOOL_CALLING|gpt-4o-mini|0|what is the weather in munich? It is HOT. What food do I order? What is 45 centigrade in fahrenheit and describe it?|~It's 10 degrees Celsius and cold.~HOT_FOOD~113.0|get_weather:order_food:convert_c_to_f|
da3f2a2d-1f83-4201-b4eb-3a21e9f09e43|2025-08-11 18:07:15|TOOL_CALLING|gpt-4o-mini|0|what is the weather in munich? It is HOT. What food do I order? What is 45 centigrade in fahrenheit?Describe 45 Centrigrade?|~It's 10 degrees Celsius and cold.~113.0~ULTRA_HOT|get_weather:convert_c_to_f:describe_fahrenheit_with_label|
1ef86ad1-a751-4457-8d09-7b8b4cadf29b|2025-08-11 18:08:51|TOOL_CALLING|gpt-4o-mini|0|It is 45 centigrade. Calculate the temperature in fahrenheit. What is the label for this temperature? What food do I order?.|~113.0~ULTRA_HOT|convert_c_to_f:describe_fahrenheit_with_label|
6e1c332d-b532-43ed-b426-2c0ef6303799|2025-08-11 18:10:05|TOOL_CALLING|gpt-4o-mini|0|It is HOT. What food do I order? what is the weather in munich? What is 45 centigrade in fahrenheit?Describe 45 Centrigrade?|~HOT_FOOD~It's 10 degrees Celsius and cold.~113.0~ULTRA_HOT|order_food:get_weather:convert_c_to_f:describe_fahrenheit_with_label|
60056b53-60db-4ced-a504-347fff9baeb7|2025-08-11 18:10:23|TOOL_CALLING|gpt-4o-mini|0|Describe 45 Centrigrade?It is HOT. What food do I order? what is the weather in munich? What is 45 centigrade in fahrenheit?|~ULTRA_HOT~HOT_FOOD~It's 10 degrees Celsius and cold.~113.0|describe_fahrenheit_with_label:order_food:get_weather:convert_c_to_f|
